SMILES,Transfection
CCCCCCCCCCCCNC(=O)C(CCCCCOC(=O)CCCCCCCC)NCCN(C)C,4.05668942
CCCCCCCCCCCCCCNC(=O)C(CCCCCOC(=O)CCCCCCCC)NCCN(C)C,3.95155437
CCCCCCCCCCCCCCCCNC(=O)C(CCCCCOC(=O)CCCCCCCC)NCCN(C)C,2.56157952
CCCCCCCCCCCCCCCCCCNC(=O)C(CCCCCOC(=O)CCCCCCCC)NCCN(C)C,8.61631594
CCCCCCCC/C=C\CCCCCCCCNC(=O)C(CCCCCOC(=O)CCCCCCCC)NCCN(C)C,9.6337035
CCCCCCCCCCCCNC(=O)C(CCCCCOC(=O)CCC(C)CCCCC)NCCN(C)C,3.3817906
CCCCCCCCCCCCCCNC(=O)C(CCCCCOC(=O)CCC(C)CCCCC)NCCN(C)C,3.27664559
CCCCCCCCCCCCCCCCNC(=O)C(CCCCCOC(=O)CCC(C)CCCCC)NCCN(C)C,3.52577979
CCCCCCCCCCCCCCCCCCNC(=O)C(CCCCCOC(=O)CCC(C)CCCCC)NCCN(C)C,8.21741548
CCCCCCCC/C=C\CCCCCCCCNC(=O)C(CCCCCOC(=O)CCC(C)CCCCC)NCCN(C)C,8.60576547
CCCCCCCCCCCCNC(=O)C(CCCCCOC(=O)CCCCCCCCC)NCCN(C)C,2.37490674
CCCCCCCCCCCCCCNC(=O)C(CCCCCOC(=O)CCCCCCCCC)NCCN(C)C,5.12108889
CCCCCCCCCCCCCCCCNC(=O)C(CCCCCOC(=O)CCCCCCCCC)NCCN(C)C,0.95693423
CCCCCCCCCCCCCCCCCCNC(=O)C(CCCCCOC(=O)CCCCCCCCC)NCCN(C)C,6.9155269
CCCCCCCC/C=C\CCCCCCCCNC(=O)C(CCCCCOC(=O)CCCCCCCCC)NCCN(C)C,7.454717
CCCCCCC/C=C/C(=O)OCCCCCC(NCCN(C)C)C(=O)NCCCCCCCCCCCC,0.99724413
CCCCCCC/C=C/C(=O)OCCCCCC(NCCN(C)C)C(=O)NCCCCCCCCCCCCCC,4.27231498
CCCCCCC/C=C/C(=O)OCCCCCC(NCCN(C)C)C(=O)NCCCCCCCCCCCCCCCC,0.760325
CCCCCCC/C=C/C(=O)OCCCCCC(NCCN(C)C)C(=O)NCCCCCCCCCCCCCCCCCC,6.03459925
CCCCCCC/C=C/C(=O)OCCCCCC(NCCN(C)C)C(=O)NCCCCCCCC/C=C\CCCCCCCC,7.41897078
CCCCCCC/C=C\C(=O)OCCCCCC(NCCN(C)C)C(=O)NCCCCCCCCCCCC,2.62300186
CCCCCCC/C=C\C(=O)OCCCCCC(NCCN(C)C)C(=O)NCCCCCCCCCCCCCC,4.13004921
CCCCCCC/C=C\C(=O)OCCCCCC(NCCN(C)C)C(=O)NCCCCCCCCCCCCCCCC,2.90737803
CCCCCCC/C=C\C(=O)OCCCCCC(NCCN(C)C)C(=O)NCCCCCCCCCCCCCCCCCC,5.48084823
CCCCCCC/C=C\C(=O)OCCCCCC(NCCN(C)C)C(=O)NCCCCCCCC/C=C\CCCCCCCC,7.78040747
CCCCCCCCCCCCNC(=O)C(CCCCCOC(=O)CCCCCCCCCC)NCCN(C)C,4.2313128
CCCCCCCCCCCCCCNC(=O)C(CCCCCOC(=O)CCCCCCCCCC)NCCN(C)C,4.8595674
CCCCCCCCCCCCCCCCNC(=O)C(CCCCCOC(=O)CCCCCCCCCC)NCCN(C)C,-0.820233
CCCCCCCCCCCCCCCCCCNC(=O)C(CCCCCOC(=O)CCCCCCCCCC)NCCN(C)C,7.21094922
CCCCCCCC/C=C\CCCCCCCCNC(=O)C(CCCCCOC(=O)CCCCCCCCCC)NCCN(C)C,7.71228255
C#CCCCCCCCCC(=O)OCCCCCC(NCCN(C)C)C(=O)NCCCCCCCCCCCC,-0.0390696
C#CCCCCCCCCC(=O)OCCCCCC(NCCN(C)C)C(=O)NCCCCCCCCCCCCCC,4.26751687
C#CCCCCCCCCC(=O)OCCCCCC(NCCN(C)C)C(=O)NCCCCCCCCCCCCCCCC,-0.193548
C#CCCCCCCCCC(=O)OCCCCCC(NCCN(C)C)C(=O)NCCCCCCCCCCCCCCCCCC,1.89700348
C#CCCCCCCCCC(=O)OCCCCCC(NCCN(C)C)C(=O)NCCCCCCCC/C=C\CCCCCCCC,6.93149258
C=CCCCCCCCCC(=O)OCCCCCC(NCCN(C)C)C(=O)NCCCCCCCCCCCC,-1.863498
C=CCCCCCCCCC(=O)OCCCCCC(NCCN(C)C)C(=O)NCCCCCCCCCCCCCC,5.15561889
C=CCCCCCCCCC(=O)OCCCCCC(NCCN(C)C)C(=O)NCCCCCCCCCCCCCCCC,0.4354635
C=CCCCCCCCCC(=O)OCCCCCC(NCCN(C)C)C(=O)NCCCCCCCCCCCCCCCCCC,5.62293471
C=CCCCCCCCCC(=O)OCCCCCC(NCCN(C)C)C(=O)NCCCCCCCC/C=C\CCCCCCCC,7.56802594
CCCCCCCCCCCCCCCC(=O)OCCCCCC(NCCN(C)C)C(=O)NCCCCCCCCCCCC,1.26807319
CCCCCCCCCCCCCCCC(=O)OCCCCCC(NCCN(C)C)C(=O)NCCCCCCCCCCCCCC,5.74562992
CCCCCCCCCCCCCCCCNC(=O)C(CCCCCOC(=O)CCCCCCCCCCCCCCC)NCCN(C)C,2.24407824
CCCCCCCCCCCCCCCCCCNC(=O)C(CCCCCOC(=O)CCCCCCCCCCCCCCC)NCCN(C)C,3.57533647
CCCCCCCC/C=C\CCCCCCCCNC(=O)C(CCCCCOC(=O)CCCCCCCCCCCCCCC)NCCN(C)C,7.26282276
CCCCCCCCCCCCCCCCCC(=O)OCCCCCC(NCCN(C)C)C(=O)NCCCCCCCCCCCC,2.91567415
CCCCCCCCCCCCCCCCCC(=O)OCCCCCC(NCCN(C)C)C(=O)NCCCCCCCCCCCCCC,0.40722129
CCCCCCCCCCCCCCCCCC(=O)OCCCCCC(NCCN(C)C)C(=O)NCCCCCCCCCCCCCCCC,1.53171933
CCCCCCCCCCCCCCCCCCNC(=O)C(CCCCCOC(=O)CCCCCCCCCCCCCCCCC)NCCN(C)C,8.79073747
CCCCCCCC/C=C\CCCCCCCCNC(=O)C(CCCCCOC(=O)CCCCCCCCCCCCCCCCC)NCCN(C)C,6.94776267
CCCCCCCC/C=C\CCCCCCCC(=O)OCCCCCC(NCCN(C)C)C(=O)NCCCCCCCCCCCC,4.96039994
CCCCCCCC/C=C\CCCCCCCC(=O)OCCCCCC(NCCN(C)C)C(=O)NCCCCCCCCCCCCCC,1.29011201
CCCCCCCC/C=C\CCCCCCCC(=O)OCCCCCC(NCCN(C)C)C(=O)NCCCCCCCCCCCCCCCC,4.66857609
CCCCCCCC/C=C\CCCCCCCC(=O)OCCCCCC(NCCN(C)C)C(=O)NCCCCCCCCCCCCCCCCCC,-0.3997946
CCCCCCCC/C=C\CCCCCCCCNC(=O)C(CCCCCOC(=O)CCCCCCC/C=C\CCCCCCCC)NCCN(C)C,12.6090287
CCCCC/C=C\C/C=C\CCCCCCCC(=O)OCCCCCC(NCCN(C)C)C(=O)NCCCCCCCCCCCC,5.63235703
CCCCC/C=C\C/C=C\CCCCCCCC(=O)OCCCCCC(NCCN(C)C)C(=O)NCCCCCCCCCCCCCC,6.7856525
CCCCC/C=C\C/C=C\CCCCCCCC(=O)OCCCCCC(NCCN(C)C)C(=O)NCCCCCCCCCCCCCCCC,6.4596706
CCCCC/C=C\C/C=C\CCCCCCCC(=O)OCCCCCC(NCCN(C)C)C(=O)NCCCCCCCCCCCCCCCCCC,0.40815829
CCCCC/C=C\C/C=C\CCCCCCCC(=O)OCCCCCC(NCCN(C)C)C(=O)NCCCCCCCC/C=C\CCCCCCCC,10.0451746
CCCCCCCCCCCCNC(=O)C(CCCCCOC(=O)CCCCCCCC)NCCCN1CCCC1,5.89064718
CCCCCCCCCCCCCCNC(=O)C(CCCCCOC(=O)CCCCCCCC)NCCCN1CCCC1,7.6350227
CCCCCCCCCCCCCCCCNC(=O)C(CCCCCOC(=O)CCCCCCCC)NCCCN1CCCC1,6.11859465
CCCCCCCCCCCCCCCCCCNC(=O)C(CCCCCOC(=O)CCCCCCCC)NCCCN1CCCC1,10.6474209
CCCCCCCC/C=C\CCCCCCCCNC(=O)C(CCCCCOC(=O)CCCCCCCC)NCCCN1CCCC1,12.2023828
CCCCCCCCCCCCNC(=O)C(CCCCCOC(=O)CCC(C)CCCCC)NCCCN1CCCC1,6.68419988
CCCCCCCCCCCCCCNC(=O)C(CCCCCOC(=O)CCC(C)CCCCC)NCCCN1CCCC1,0.58924582
CCCCCCCCCCCCCCCCNC(=O)C(CCCCCOC(=O)CCC(C)CCCCC)NCCCN1CCCC1,6.87186515
CCCCCCCCCCCCCCCCCCNC(=O)C(CCCCCOC(=O)CCC(C)CCCCC)NCCCN1CCCC1,9.95198523
CCCCCCCC/C=C\CCCCCCCCNC(=O)C(CCCCCOC(=O)CCC(C)CCCCC)NCCCN1CCCC1,12.8250152
CCCCCCCCCCCCNC(=O)C(CCCCCOC(=O)CCCCCCCCC)NCCCN1CCCC1,3.74054037
CCCCCCCCCCCCCCNC(=O)C(CCCCCOC(=O)CCCCCCCCC)NCCCN1CCCC1,6.22999752
CCCCCCCCCCCCCCCCNC(=O)C(CCCCCOC(=O)CCCCCCCCC)NCCCN1CCCC1,3.40927313
CCCCCCCCCCCCCCCCCCNC(=O)C(CCCCCOC(=O)CCCCCCCCC)NCCCN1CCCC1,6.86517544
CCCCCCCC/C=C\CCCCCCCCNC(=O)C(CCCCCOC(=O)CCCCCCCCC)NCCCN1CCCC1,8.62974142
CCCCCCC/C=C/C(=O)OCCCCCC(NCCCN1CCCC1)C(=O)NCCCCCCCCCCCC,2.34161643
CCCCCCC/C=C/C(=O)OCCCCCC(NCCCN1CCCC1)C(=O)NCCCCCCCCCCCCCC,3.84332845
CCCCCCC/C=C/C(=O)OCCCCCC(NCCCN1CCCC1)C(=O)NCCCCCCCCCCCCCCCC,0.92487685
CCCCCCC/C=C/C(=O)OCCCCCC(NCCCN1CCCC1)C(=O)NCCCCCCCCCCCCCCCCCC,6.87642044
CCCCCCC/C=C/C(=O)OCCCCCC(NCCCN1CCCC1)C(=O)NCCCCCCCC/C=C\CCCCCCCC,7.44555034
CCCCCCC/C=C\C(=O)OCCCCCC(NCCCN1CCCC1)C(=O)NCCCCCCCCCCCC,3.82572349
CCCCCCC/C=C\C(=O)OCCCCCC(NCCCN1CCCC1)C(=O)NCCCCCCCCCCCCCC,5.63203585
CCCCCCC/C=C\C(=O)OCCCCCC(NCCCN1CCCC1)C(=O)NCCCCCCCCCCCCCCCC,3.35451889
CCCCCCC/C=C\C(=O)OCCCCCC(NCCCN1CCCC1)C(=O)NCCCCCCCCCCCCCCCCCC,5.62914809
CCCCCCC/C=C\C(=O)OCCCCCC(NCCCN1CCCC1)C(=O)NCCCCCCCC/C=C\CCCCCCCC,8.4064438
CCCCCCCCCCCCNC(=O)C(CCCCCOC(=O)CCCCCCCCCC)NCCCN1CCCC1,4.81871633
CCCCCCCCCCCCCCNC(=O)C(CCCCCOC(=O)CCCCCCCCCC)NCCCN1CCCC1,6.5307918
CCCCCCCCCCCCCCCCNC(=O)C(CCCCCOC(=O)CCCCCCCCCC)NCCCN1CCCC1,3.64860322
CCCCCCCCCCCCCCCCCCNC(=O)C(CCCCCOC(=O)CCCCCCCCCC)NCCCN1CCCC1,8.03257383
CCCCCCCC/C=C\CCCCCCCCNC(=O)C(CCCCCOC(=O)CCCCCCCCCC)NCCCN1CCCC1,8.12733457
C#CCCCCCCCCC(=O)OCCCCCC(NCCCN1CCCC1)C(=O)NCCCCCCCCCCCC,2.80420493
C#CCCCCCCCCC(=O)OCCCCCC(NCCCN1CCCC1)C(=O)NCCCCCCCCCCCCCC,4.65647443
C#CCCCCCCCCC(=O)OCCCCCC(NCCCN1CCCC1)C(=O)NCCCCCCCCCCCCCCCC,2.00237385
C#CCCCCCCCCC(=O)OCCCCCC(NCCCN1CCCC1)C(=O)NCCCCCCCCCCCCCCCCCC,6.28189844
C#CCCCCCCCCC(=O)OCCCCCC(NCCCN1CCCC1)C(=O)NCCCCCCCC/C=C\CCCCCCCC,7.05576046
C=CCCCCCCCCC(=O)OCCCCCC(NCCCN1CCCC1)C(=O)NCCCCCCCCCCCC,2.96446213
C=CCCCCCCCCC(=O)OCCCCCC(NCCCN1CCCC1)C(=O)NCCCCCCCCCCCCCC,7.16954122
C=CCCCCCCCCC(=O)OCCCCCC(NCCCN1CCCC1)C(=O)NCCCCCCCCCCCCCCCC,1.50457148
C=CCCCCCCCCC(=O)OCCCCCC(NCCCN1CCCC1)C(=O)NCCCCCCCCCCCCCCCCCC,6.94994071
C=CCCCCCCCCC(=O)OCCCCCC(NCCCN1CCCC1)C(=O)NCCCCCCCC/C=C\CCCCCCCC,7.08467288
CCCCCCCCCCCCCCCC(=O)OCCCCCC(NCCCN1CCCC1)C(=O)NCCCCCCCCCCCC,4.5769098
CCCCCCCCCCCCCCCC(=O)OCCCCCC(NCCCN1CCCC1)C(=O)NCCCCCCCCCCCCCC,6.10080638
CCCCCCCCCCCCCCCCNC(=O)C(CCCCCOC(=O)CCCCCCCCCCCCCCC)NCCCN1CCCC1,2.27957215
CCCCCCCCCCCCCCCCCCNC(=O)C(CCCCCOC(=O)CCCCCCCCCCCCCCC)NCCCN1CCCC1,7.66333028
CCCCCCCC/C=C\CCCCCCCCNC(=O)C(CCCCCOC(=O)CCCCCCCCCCCCCCC)NCCCN1CCCC1,6.68708923
CCCCCCCCCCCCCCCCCC(=O)OCCCCCC(NCCCN1CCCC1)C(=O)NCCCCCCCCCCCC,5.99801975
CCCCCCCCCCCCCCCCCC(=O)OCCCCCC(NCCCN1CCCC1)C(=O)NCCCCCCCCCCCCCC,6.14380346
CCCCCCCCCCCCCCCCCC(=O)OCCCCCC(NCCCN1CCCC1)C(=O)NCCCCCCCCCCCCCCCC,3.82391872
CCCCCCCCCCCCCCCCCCNC(=O)C(CCCCCOC(=O)CCCCCCCCCCCCCCCCC)NCCCN1CCCC1,6.69657041
CCCCCCCC/C=C\CCCCCCCCNC(=O)C(CCCCCOC(=O)CCCCCCCCCCCCCCCCC)NCCCN1CCCC1,9.20335641
CCCCCCCC/C=C\CCCCCCCC(=O)OCCCCCC(NCCCN1CCCC1)C(=O)NCCCCCCCCCCCC,9.43920438
CCCCCCCC/C=C\CCCCCCCC(=O)OCCCCCC(NCCCN1CCCC1)C(=O)NCCCCCCCCCCCCCC,10.589959
CCCCCCCC/C=C\CCCCCCCC(=O)OCCCCCC(NCCCN1CCCC1)C(=O)NCCCCCCCCCCCCCCCC,8.87363773
CCCCCCCC/C=C\CCCCCCCC(=O)OCCCCCC(NCCCN1CCCC1)C(=O)NCCCCCCCCCCCCCCCCCC,3.40542003
CCCCCCCC/C=C\CCCCCCCCNC(=O)C(CCCCCOC(=O)CCCCCCC/C=C\CCCCCCCC)NCCCN1CCCC1,13.1495301
CCCCC/C=C\C/C=C\CCCCCCCC(=O)OCCCCCC(NCCCN1CCCC1)C(=O)NCCCCCCCCCCCC,9.7656056
CCCCC/C=C\C/C=C\CCCCCCCC(=O)OCCCCCC(NCCCN1CCCC1)C(=O)NCCCCCCCCCCCCCC,10.9012444
CCCCC/C=C\C/C=C\CCCCCCCC(=O)OCCCCCC(NCCCN1CCCC1)C(=O)NCCCCCCCCCCCCCCCC,9.14629152
CCCCC/C=C\C/C=C\CCCCCCCC(=O)OCCCCCC(NCCCN1CCCC1)C(=O)NCCCCCCCCCCCCCCCCCC,2.9522711
CCCCC/C=C\C/C=C\CCCCCCCC(=O)OCCCCCC(NCCCN1CCCC1)C(=O)NCCCCCCCC/C=C\CCCCCCCC,6.70019084
CCCCCCCCCCCCNC(=O)C(CCCCCOC(=O)CCCCCCCC)NCCCN(CC)CC,7.33559491
CCCCCCCCCCCCCCNC(=O)C(CCCCCOC(=O)CCCCCCCC)NCCCN(CC)CC,6.96500636
CCCCCCCCCCCCCCCCNC(=O)C(CCCCCOC(=O)CCCCCCCC)NCCCN(CC)CC,5.87187398
CCCCCCCCCCCCCCCCCCNC(=O)C(CCCCCOC(=O)CCCCCCCC)NCCCN(CC)CC,9.09913627
CCCCCCCC/C=C\CCCCCCCCNC(=O)C(CCCCCOC(=O)CCCCCCCC)NCCCN(CC)CC,11.164203
CCCCCCCCCCCCNC(=O)C(CCCCCOC(=O)CCC(C)CCCCC)NCCCN(CC)CC,6.39212075
CCCCCCCCCCCCCCNC(=O)C(CCCCCOC(=O)CCC(C)CCCCC)NCCCN(CC)CC,8.88770773
CCCCCCCCCCCCCCCCNC(=O)C(CCCCCOC(=O)CCC(C)CCCCC)NCCCN(CC)CC,5.98306597
CCCCCCCCCCCCCCCCCCNC(=O)C(CCCCCOC(=O)CCC(C)CCCCC)NCCCN(CC)CC,9.80155734
CCCCCCCC/C=C\CCCCCCCCNC(=O)C(CCCCCOC(=O)CCC(C)CCCCC)NCCCN(CC)CC,12.2407009
CCCCCCCCCCCCNC(=O)C(CCCCCOC(=O)CCCCCCCCC)NCCCN(CC)CC,3.11187233
CCCCCCCCCCCCCCNC(=O)C(CCCCCOC(=O)CCCCCCCCC)NCCCN(CC)CC,5.62756731
CCCCCCCCCCCCCCCCNC(=O)C(CCCCCOC(=O)CCCCCCCCC)NCCCN(CC)CC,3.95500531
CCCCCCCCCCCCCCCCCCNC(=O)C(CCCCCOC(=O)CCCCCCCCC)NCCCN(CC)CC,5.72198349
CCCCCCCC/C=C\CCCCCCCCNC(=O)C(CCCCCOC(=O)CCCCCCCCC)NCCCN(CC)CC,8.71119603
CCCCCCC/C=C/C(=O)OCCCCCC(NCCCN(CC)CC)C(=O)NCCCCCCCCCCCC,4.73372691
CCCCCCC/C=C/C(=O)OCCCCCC(NCCCN(CC)CC)C(=O)NCCCCCCCCCCCCCC,4.70029292
CCCCCCC/C=C/C(=O)OCCCCCC(NCCCN(CC)CC)C(=O)NCCCCCCCCCCCCCCCC,0.89566207
CCCCCCC/C=C/C(=O)OCCCCCC(NCCCN(CC)CC)C(=O)NCCCCCCCCCCCCCCCCCC,5.8128088
CCCCCCC/C=C/C(=O)OCCCCCC(NCCCN(CC)CC)C(=O)NCCCCCCCC/C=C\CCCCCCCC,6.84096183
CCCCCCC/C=C\C(=O)OCCCCCC(NCCCN(CC)CC)C(=O)NCCCCCCCCCCCC,3.11378192
CCCCCCC/C=C\C(=O)OCCCCCC(NCCCN(CC)CC)C(=O)NCCCCCCCCCCCCCC,5.29730776
CCCCCCC/C=C\C(=O)OCCCCCC(NCCCN(CC)CC)C(=O)NCCCCCCCCCCCCCCCC,2.79366393
CCCCCCC/C=C\C(=O)OCCCCCC(NCCCN(CC)CC)C(=O)NCCCCCCCCCCCCCCCCCC,7.02847811
CCCCCCC/C=C\C(=O)OCCCCCC(NCCCN(CC)CC)C(=O)NCCCCCCCC/C=C\CCCCCCCC,7.82285519
CCCCCCCCCCCCNC(=O)C(CCCCCOC(=O)CCCCCCCCCC)NCCCN(CC)CC,3.84078993
CCCCCCCCCCCCCCNC(=O)C(CCCCCOC(=O)CCCCCCCCCC)NCCCN(CC)CC,5.73054266
CCCCCCCCCCCCCCCCNC(=O)C(CCCCCOC(=O)CCCCCCCCCC)NCCCN(CC)CC,2.91256113
CCCCCCCCCCCCCCCCCCNC(=O)C(CCCCCOC(=O)CCCCCCCCCC)NCCCN(CC)CC,7.01606886
CCCCCCCC/C=C\CCCCCCCCNC(=O)C(CCCCCOC(=O)CCCCCCCCCC)NCCCN(CC)CC,8.48980851
C#CCCCCCCCCC(=O)OCCCCCC(NCCCN(CC)CC)C(=O)NCCCCCCCCCCCC,1.46642289
C#CCCCCCCCCC(=O)OCCCCCC(NCCCN(CC)CC)C(=O)NCCCCCCCCCCCCCC,2.32225954
C#CCCCCCCCCC(=O)OCCCCCC(NCCCN(CC)CC)C(=O)NCCCCCCCCCCCCCCCC,1.46862122
C#CCCCCCCCCC(=O)OCCCCCC(NCCCN(CC)CC)C(=O)NCCCCCCCCCCCCCCCCCC,6.87805301
C#CCCCCCCCCC(=O)OCCCCCC(NCCCN(CC)CC)C(=O)NCCCCCCCC/C=C\CCCCCCCC,6.77532534
C=CCCCCCCCCC(=O)OCCCCCC(NCCCN(CC)CC)C(=O)NCCCCCCCCCCCC,2.97290308
C=CCCCCCCCCC(=O)OCCCCCC(NCCCN(CC)CC)C(=O)NCCCCCCCCCCCCCC,4.48484189
C=CCCCCCCCCC(=O)OCCCCCC(NCCCN(CC)CC)C(=O)NCCCCCCCCCCCCCCCC,1.79169332
C=CCCCCCCCCC(=O)OCCCCCC(NCCCN(CC)CC)C(=O)NCCCCCCCCCCCCCCCCCC,6.99096652
C=CCCCCCCCCC(=O)OCCCCCC(NCCCN(CC)CC)C(=O)NCCCCCCCC/C=C\CCCCCCCC,7.68985094
CCCCCCCCCCCCCCCC(=O)OCCCCCC(NCCCN(CC)CC)C(=O)NCCCCCCCCCCCC,2.79629973
CCCCCCCCCCCCCCCC(=O)OCCCCCC(NCCCN(CC)CC)C(=O)NCCCCCCCCCCCCCC,4.66712716
CCCCCCCCCCCCCCCCNC(=O)C(CCCCCOC(=O)CCCCCCCCCCCCCCC)NCCCN(CC)CC,1.25242973
CCCCCCCCCCCCCCCCCCNC(=O)C(CCCCCOC(=O)CCCCCCCCCCCCCCC)NCCCN(CC)CC,7.34662048
CCCCCCCC/C=C\CCCCCCCCNC(=O)C(CCCCCOC(=O)CCCCCCCCCCCCCCC)NCCCN(CC)CC,6.23613468
CCCCCCCCCCCCCCCCCC(=O)OCCCCCC(NCCCN(CC)CC)C(=O)NCCCCCCCCCCCC,6.93281205
CCCCCCCCCCCCCCCCCC(=O)OCCCCCC(NCCCN(CC)CC)C(=O)NCCCCCCCCCCCCCC,6.84788712
CCCCCCCCCCCCCCCCCC(=O)OCCCCCC(NCCCN(CC)CC)C(=O)NCCCCCCCCCCCCCCCC,5.12169869
CCCCCCCCCCCCCCCCCCNC(=O)C(CCCCCOC(=O)CCCCCCCCCCCCCCCCC)NCCCN(CC)CC,7.32808302
CCCCCCCC/C=C\CCCCCCCCNC(=O)C(CCCCCOC(=O)CCCCCCCCCCCCCCCCC)NCCCN(CC)CC,4.46095972
CCCCCCCC/C=C\CCCCCCCC(=O)OCCCCCC(NCCCN(CC)CC)C(=O)NCCCCCCCCCCCC,9.03675037
CCCCCCCC/C=C\CCCCCCCC(=O)OCCCCCC(NCCCN(CC)CC)C(=O)NCCCCCCCCCCCCCC,9.60780648
CCCCCCCC/C=C\CCCCCCCC(=O)OCCCCCC(NCCCN(CC)CC)C(=O)NCCCCCCCCCCCCCCCC,8.07290608
CCCCCCCC/C=C\CCCCCCCC(=O)OCCCCCC(NCCCN(CC)CC)C(=O)NCCCCCCCCCCCCCCCCCC,1.44307831
CCCCCCCC/C=C\CCCCCCCCNC(=O)C(CCCCCOC(=O)CCCCCCC/C=C\CCCCCCCC)NCCCN(CC)CC,5.94169496
CCCCC/C=C\C/C=C\CCCCCCCC(=O)OCCCCCC(NCCCN(CC)CC)C(=O)NCCCCCCCCCCCC,9.38919207
CCCCC/C=C\C/C=C\CCCCCCCC(=O)OCCCCCC(NCCCN(CC)CC)C(=O)NCCCCCCCCCCCCCC,9.93027271
CCCCC/C=C\C/C=C\CCCCCCCC(=O)OCCCCCC(NCCCN(CC)CC)C(=O)NCCCCCCCCCCCCCCCC,8.34192001
CCCCC/C=C\C/C=C\CCCCCCCC(=O)OCCCCCC(NCCCN(CC)CC)C(=O)NCCCCCCCCCCCCCCCCCC,2.61936575
CCCCC/C=C\C/C=C\CCCCCCCC(=O)OCCCCCC(NCCCN(CC)CC)C(=O)NCCCCCCCC/C=C\CCCCCCCC,6.47343282
CCCCCCCCCCCCNC(=O)C(CCCCCOC(=O)CCCCCCCC)NCCN(CC)CC,3.81049805
CCCCCCCCCCCCCCNC(=O)C(CCCCCOC(=O)CCCCCCCC)NCCN(CC)CC,6.36548758
CCCCCCCCCCCCCCCCNC(=O)C(CCCCCOC(=O)CCCCCCCC)NCCN(CC)CC,4.99546026
CCCCCCCCCCCCCCCCCCNC(=O)C(CCCCCOC(=O)CCCCCCCC)NCCN(CC)CC,10.5927354
CCCCCCCC/C=C\CCCCCCCCNC(=O)C(CCCCCOC(=O)CCCCCCCC)NCCN(CC)CC,11.2747548
CCCCCCCCCCCCNC(=O)C(CCCCCOC(=O)CCC(C)CCCCC)NCCN(CC)CC,6.62076547
CCCCCCCCCCCCCCNC(=O)C(CCCCCOC(=O)CCC(C)CCCCC)NCCN(CC)CC,7.59771961
CCCCCCCCCCCCCCCCNC(=O)C(CCCCCOC(=O)CCC(C)CCCCC)NCCN(CC)CC,4.81570531
CCCCCCCCCCCCCCCCCCNC(=O)C(CCCCCOC(=O)CCC(C)CCCCC)NCCN(CC)CC,10.6379113
CCCCCCCC/C=C\CCCCCCCCNC(=O)C(CCCCCOC(=O)CCC(C)CCCCC)NCCN(CC)CC,11.1426053
CCCCCCCCCCCCNC(=O)C(CCCCCOC(=O)CCCCCCCCC)NCCN(CC)CC,4.17175932
CCCCCCCCCCCCCCNC(=O)C(CCCCCOC(=O)CCCCCCCCC)NCCN(CC)CC,4.49726206
CCCCCCCCCCCCCCCCNC(=O)C(CCCCCOC(=O)CCCCCCCCC)NCCN(CC)CC,2.87518724
CCCCCCCCCCCCCCCCCCNC(=O)C(CCCCCOC(=O)CCCCCCCCC)NCCN(CC)CC,7.67794239
CCCCCCCC/C=C\CCCCCCCCNC(=O)C(CCCCCOC(=O)CCCCCCCCC)NCCN(CC)CC,8.36558396
CCCCCCC/C=C/C(=O)OCCCCCC(NCCN(CC)CC)C(=O)NCCCCCCCCCCCC,4.86932894
CCCCCCC/C=C/C(=O)OCCCCCC(NCCN(CC)CC)C(=O)NCCCCCCCCCCCCCC,5.14495395
CCCCCCC/C=C/C(=O)OCCCCCC(NCCN(CC)CC)C(=O)NCCCCCCCCCCCCCCCC,1.80707965
CCCCCCC/C=C/C(=O)OCCCCCC(NCCN(CC)CC)C(=O)NCCCCCCCCCCCCCCCCCC,6.07227985
CCCCCCC/C=C/C(=O)OCCCCCC(NCCN(CC)CC)C(=O)NCCCCCCCC/C=C\CCCCCCCC,5.52938334
CCCCCCC/C=C\C(=O)OCCCCCC(NCCN(CC)CC)C(=O)NCCCCCCCCCCCC,2.95668096
CCCCCCC/C=C\C(=O)OCCCCCC(NCCN(CC)CC)C(=O)NCCCCCCCCCCCCCC,5.79625147
CCCCCCC/C=C\C(=O)OCCCCCC(NCCN(CC)CC)C(=O)NCCCCCCCCCCCCCCCC,2.03812298
CCCCCCC/C=C\C(=O)OCCCCCC(NCCN(CC)CC)C(=O)NCCCCCCCCCCCCCCCCCC,3.45697104
CCCCCCC/C=C\C(=O)OCCCCCC(NCCN(CC)CC)C(=O)NCCCCCCCC/C=C\CCCCCCCC,6.82661524
CCCCCCCCCCCCNC(=O)C(CCCCCOC(=O)CCCCCCCCCC)NCCN(CC)CC,3.90652345
CCCCCCCCCCCCCCNC(=O)C(CCCCCOC(=O)CCCCCCCCCC)NCCN(CC)CC,5.65451067
CCCCCCCCCCCCCCCCNC(=O)C(CCCCCOC(=O)CCCCCCCCCC)NCCN(CC)CC,1.61446569
CCCCCCCCCCCCCCCCCCNC(=O)C(CCCCCOC(=O)CCCCCCCCCC)NCCN(CC)CC,7.83363118
CCCCCCCC/C=C\CCCCCCCCNC(=O)C(CCCCCOC(=O)CCCCCCCCCC)NCCN(CC)CC,5.04142962
C#CCCCCCCCCC(=O)OCCCCCC(NCCN(CC)CC)C(=O)NCCCCCCCCCCCC,1.76423852
C#CCCCCCCCCC(=O)OCCCCCC(NCCN(CC)CC)C(=O)NCCCCCCCCCCCCCC,4.58336512
C#CCCCCCCCCC(=O)OCCCCCC(NCCN(CC)CC)C(=O)NCCCCCCCCCCCCCCCC,0.95149499
C#CCCCCCCCCC(=O)OCCCCCC(NCCN(CC)CC)C(=O)NCCCCCCCCCCCCCCCCCC,5.11528912
C#CCCCCCCCCC(=O)OCCCCCC(NCCN(CC)CC)C(=O)NCCCCCCCC/C=C\CCCCCCCC,6.72874443
C=CCCCCCCCCC(=O)OCCCCCC(NCCN(CC)CC)C(=O)NCCCCCCCCCCCC,2.7650488
C=CCCCCCCCCC(=O)OCCCCCC(NCCN(CC)CC)C(=O)NCCCCCCCCCCCCCC,4.65510456
C=CCCCCCCCCC(=O)OCCCCCC(NCCN(CC)CC)C(=O)NCCCCCCCCCCCCCCCC,0.03384574
C=CCCCCCCCCC(=O)OCCCCCC(NCCN(CC)CC)C(=O)NCCCCCCCCCCCCCCCCCC,5.49588841
C=CCCCCCCCCC(=O)OCCCCCC(NCCN(CC)CC)C(=O)NCCCCCCCC/C=C\CCCCCCCC,5.48776158
CCCCCCCCCCCCCCCC(=O)OCCCCCC(NCCN(CC)CC)C(=O)NCCCCCCCCCCCC,4.42113334
CCCCCCCCCCCCCCCC(=O)OCCCCCC(NCCN(CC)CC)C(=O)NCCCCCCCCCCCCCC,6.02468616
CCCCCCCCCCCCCCCCNC(=O)C(CCCCCOC(=O)CCCCCCCCCCCCCCC)NCCN(CC)CC,2.74664247
CCCCCCCCCCCCCCCCCCNC(=O)C(CCCCCOC(=O)CCCCCCCCCCCCCCC)NCCN(CC)CC,5.13255821
CCCCCCCC/C=C\CCCCCCCCNC(=O)C(CCCCCOC(=O)CCCCCCCCCCCCCCC)NCCN(CC)CC,7.47883685
CCCCCCCCCCCCCCCCCC(=O)OCCCCCC(NCCN(CC)CC)C(=O)NCCCCCCCCCCCC,8.31335041
CCCCCCCCCCCCCCCCCC(=O)OCCCCCC(NCCN(CC)CC)C(=O)NCCCCCCCCCCCCCC,8.32190466
CCCCCCCCCCCCCCCCCC(=O)OCCCCCC(NCCN(CC)CC)C(=O)NCCCCCCCCCCCCCCCC,5.72062325
CCCCCCCCCCCCCCCCCCNC(=O)C(CCCCCOC(=O)CCCCCCCCCCCCCCCCC)NCCN(CC)CC,7.49919158
CCCCCCCC/C=C\CCCCCCCCNC(=O)C(CCCCCOC(=O)CCCCCCCCCCCCCCCCC)NCCN(CC)CC,8.99687234
CCCCCCCC/C=C\CCCCCCCC(=O)OCCCCCC(NCCN(CC)CC)C(=O)NCCCCCCCCCCCC,8.75808332
CCCCCCCC/C=C\CCCCCCCC(=O)OCCCCCC(NCCN(CC)CC)C(=O)NCCCCCCCCCCCCCC,11.3399318
CCCCCCCC/C=C\CCCCCCCC(=O)OCCCCCC(NCCN(CC)CC)C(=O)NCCCCCCCCCCCCCCCC,8.98750841
CCCCCCCC/C=C\CCCCCCCC(=O)OCCCCCC(NCCN(CC)CC)C(=O)NCCCCCCCCCCCCCCCCCC,2.58360101
CCCCCCCC/C=C\CCCCCCCCNC(=O)C(CCCCCOC(=O)CCCCCCC/C=C\CCCCCCCC)NCCN(CC)CC,3.81948817
CCCCC/C=C\C/C=C\CCCCCCCC(=O)OCCCCCC(NCCN(CC)CC)C(=O)NCCCCCCCCCCCC,6.61902988
CCCCC/C=C\C/C=C\CCCCCCCC(=O)OCCCCCC(NCCN(CC)CC)C(=O)NCCCCCCCCCCCCCC,11.0269681
CCCCC/C=C\C/C=C\CCCCCCCC(=O)OCCCCCC(NCCN(CC)CC)C(=O)NCCCCCCCCCCCCCCCC,8.72981489
CCCCC/C=C\C/C=C\CCCCCCCC(=O)OCCCCCC(NCCN(CC)CC)C(=O)NCCCCCCCCCCCCCCCCCC,5.10600832
CCCCC/C=C\C/C=C\CCCCCCCC(=O)OCCCCCC(NCCN(CC)CC)C(=O)NCCCCCCCC/C=C\CCCCCCCC,6.52082354
CCCCCCCCCCCCNC(=O)C(CCCCCOC(=O)CCCCCCCC)NCCN(CCN)CCN,4.79471348
CCCCCCCCCCCCCCNC(=O)C(CCCCCOC(=O)CCCCCCCC)NCCN(CCN)CCN,4.6012732
CCCCCCCCCCCCCCCCNC(=O)C(CCCCCOC(=O)CCCCCCCC)NCCN(CCN)CCN,2.33540373
CCCCCCCCCCCCCCCCCCNC(=O)C(CCCCCOC(=O)CCCCCCCC)NCCN(CCN)CCN,3.9423778
CCCCCCCC/C=C\CCCCCCCCNC(=O)C(CCCCCOC(=O)CCCCCCCC)NCCN(CCN)CCN,7.41412666
CCCCCCCCCCCCNC(=O)C(CCCCCOC(=O)CCC(C)CCCCC)NCCN(CCN)CCN,2.27832531
CCCCCCCCCCCCCCNC(=O)C(CCCCCOC(=O)CCC(C)CCCCC)NCCN(CCN)CCN,0.72018827
CCCCCCCCCCCCCCCCNC(=O)C(CCCCCOC(=O)CCC(C)CCCCC)NCCN(CCN)CCN,2.60552457
CCCCCCCCCCCCCCCCCCNC(=O)C(CCCCCOC(=O)CCC(C)CCCCC)NCCN(CCN)CCN,2.32986101
CCCCCCCC/C=C\CCCCCCCCNC(=O)C(CCCCCOC(=O)CCC(C)CCCCC)NCCN(CCN)CCN,6.47932773
CCCCCCCCCCCCNC(=O)C(CCCCCOC(=O)CCCCCCCCC)NCCN(CCN)CCN,5.92476718
CCCCCCCCCCCCCCNC(=O)C(CCCCCOC(=O)CCCCCCCCC)NCCN(CCN)CCN,6.47407829
CCCCCCCCCCCCCCCCNC(=O)C(CCCCCOC(=O)CCCCCCCCC)NCCN(CCN)CCN,5.02755741
CCCCCCCCCCCCCCCCCCNC(=O)C(CCCCCOC(=O)CCCCCCCCC)NCCN(CCN)CCN,9.50231672
CCCCCCCC/C=C\CCCCCCCCNC(=O)C(CCCCCOC(=O)CCCCCCCCC)NCCN(CCN)CCN,9.88923684
CCCCCCC/C=C/C(=O)OCCCCCC(NCCN(CCN)CCN)C(=O)NCCCCCCCCCCCC,5.99050458
CCCCCCC/C=C/C(=O)OCCCCCC(NCCN(CCN)CCN)C(=O)NCCCCCCCCCCCCCC,4.84326796
CCCCCCC/C=C/C(=O)OCCCCCC(NCCN(CCN)CCN)C(=O)NCCCCCCCCCCCCCCCC,3.0705721
CCCCCCC/C=C/C(=O)OCCCCCC(NCCN(CCN)CCN)C(=O)NCCCCCCCCCCCCCCCCCC,5.70758635
CCCCCCC/C=C/C(=O)OCCCCCC(NCCN(CCN)CCN)C(=O)NCCCCCCCC/C=C\CCCCCCCC,8.56583137
CCCCCCC/C=C\C(=O)OCCCCCC(NCCN(CCN)CCN)C(=O)NCCCCCCCCCCCC,4.90155783
CCCCCCC/C=C\C(=O)OCCCCCC(NCCN(CCN)CCN)C(=O)NCCCCCCCCCCCCCC,5.93905781
CCCCCCC/C=C\C(=O)OCCCCCC(NCCN(CCN)CCN)C(=O)NCCCCCCCCCCCCCCCC,5.09927871
CCCCCCC/C=C\C(=O)OCCCCCC(NCCN(CCN)CCN)C(=O)NCCCCCCCCCCCCCCCCCC,5.77318089
CCCCCCC/C=C\C(=O)OCCCCCC(NCCN(CCN)CCN)C(=O)NCCCCCCCC/C=C\CCCCCCCC,8.95887228
CCCCCCCCCCCCNC(=O)C(CCCCCOC(=O)CCCCCCCCCC)NCCN(CCN)CCN,6.40556373
CCCCCCCCCCCCCCNC(=O)C(CCCCCOC(=O)CCCCCCCCCC)NCCN(CCN)CCN,5.58887056
CCCCCCCCCCCCCCCCNC(=O)C(CCCCCOC(=O)CCCCCCCCCC)NCCN(CCN)CCN,4.47032253
CCCCCCCCCCCCCCCCCCNC(=O)C(CCCCCOC(=O)CCCCCCCCCC)NCCN(CCN)CCN,6.93152965
CCCCCCCC/C=C\CCCCCCCCNC(=O)C(CCCCCOC(=O)CCCCCCCCCC)NCCN(CCN)CCN,9.26336059
C#CCCCCCCCCC(=O)OCCCCCC(NCCN(CCN)CCN)C(=O)NCCCCCCCCCCCC,5.24850703
C#CCCCCCCCCC(=O)OCCCCCC(NCCN(CCN)CCN)C(=O)NCCCCCCCCCCCCCC,7.99489023
C#CCCCCCCCCC(=O)OCCCCCC(NCCN(CCN)CCN)C(=O)NCCCCCCCCCCCCCCCC,5.25477839
C#CCCCCCCCCC(=O)OCCCCCC(NCCN(CCN)CCN)C(=O)NCCCCCCCCCCCCCCCCCC,4.73620759
C#CCCCCCCCCC(=O)OCCCCCC(NCCN(CCN)CCN)C(=O)NCCCCCCCC/C=C\CCCCCCCC,7.8625086
C=CCCCCCCCCC(=O)OCCCCCC(NCCN(CCN)CCN)C(=O)NCCCCCCCCCCCC,4.56276675
C=CCCCCCCCCC(=O)OCCCCCC(NCCN(CCN)CCN)C(=O)NCCCCCCCCCCCCCC,5.69454336
C=CCCCCCCCCC(=O)OCCCCCC(NCCN(CCN)CCN)C(=O)NCCCCCCCCCCCCCCCC,4.05806736
C=CCCCCCCCCC(=O)OCCCCCC(NCCN(CCN)CCN)C(=O)NCCCCCCCCCCCCCCCCCC,6.87192886
C=CCCCCCCCCC(=O)OCCCCCC(NCCN(CCN)CCN)C(=O)NCCCCCCCC/C=C\CCCCCCCC,2.56194301
CCCCCCCCCCCCCCCC(=O)OCCCCCC(NCCN(CCN)CCN)C(=O)NCCCCCCCCCCCC,4.48621325
CCCCCCCCCCCCCCCC(=O)OCCCCCC(NCCN(CCN)CCN)C(=O)NCCCCCCCCCCCCCC,5.32758116
CCCCCCCCCCCCCCCCNC(=O)C(CCCCCOC(=O)CCCCCCCCCCCCCCC)NCCN(CCN)CCN,3.89869092
CCCCCCCCCCCCCCCCCCNC(=O)C(CCCCCOC(=O)CCCCCCCCCCCCCCC)NCCN(CCN)CCN,7.10509577
CCCCCCCC/C=C\CCCCCCCCNC(=O)C(CCCCCOC(=O)CCCCCCCCCCCCCCC)NCCN(CCN)CCN,1.21547602
CCCCCCCCCCCCCCCCCC(=O)OCCCCCC(NCCN(CCN)CCN)C(=O)NCCCCCCCCCCCC,7.0251607
CCCCCCCCCCCCCCCCCC(=O)OCCCCCC(NCCN(CCN)CCN)C(=O)NCCCCCCCCCCCCCC,4.41500131
CCCCCCCCCCCCCCCCCC(=O)OCCCCCC(NCCN(CCN)CCN)C(=O)NCCCCCCCCCCCCCCCC,5.25962532
CCCCCCCCCCCCCCCCCCNC(=O)C(CCCCCOC(=O)CCCCCCCCCCCCCCCCC)NCCN(CCN)CCN,7.01755763
CCCCCCCC/C=C\CCCCCCCCNC(=O)C(CCCCCOC(=O)CCCCCCCCCCCCCCCCC)NCCN(CCN)CCN,3.5103318
CCCCCCCC/C=C\CCCCCCCC(=O)OCCCCCC(NCCN(CCN)CCN)C(=O)NCCCCCCCCCCCC,4.64297489
CCCCCCCC/C=C\CCCCCCCC(=O)OCCCCCC(NCCN(CCN)CCN)C(=O)NCCCCCCCCCCCCCC,2.91810543
CCCCCCCC/C=C\CCCCCCCC(=O)OCCCCCC(NCCN(CCN)CCN)C(=O)NCCCCCCCCCCCCCCCC,4.57269636
CCCCCCCC/C=C\CCCCCCCC(=O)OCCCCCC(NCCN(CCN)CCN)C(=O)NCCCCCCCCCCCCCCCCCC,1.77931685
CCCCCCCC/C=C\CCCCCCCCNC(=O)C(CCCCCOC(=O)CCCCCCC/C=C\CCCCCCCC)NCCN(CCN)CCN,3.84949361
CCCCC/C=C\C/C=C\CCCCCCCC(=O)OCCCCCC(NCCN(CCN)CCN)C(=O)NCCCCCCCCCCCC,3.91749735
CCCCC/C=C\C/C=C\CCCCCCCC(=O)OCCCCCC(NCCN(CCN)CCN)C(=O)NCCCCCCCCCCCCCC,5.16346827
CCCCC/C=C\C/C=C\CCCCCCCC(=O)OCCCCCC(NCCN(CCN)CCN)C(=O)NCCCCCCCCCCCCCCCC,3.50176386
CCCCC/C=C\C/C=C\CCCCCCCC(=O)OCCCCCC(NCCN(CCN)CCN)C(=O)NCCCCCCCCCCCCCCCCCC,2.75866785
CCCCC/C=C\C/C=C\CCCCCCCC(=O)OCCCCCC(NCCN(CCN)CCN)C(=O)NCCCCCCCC/C=C\CCCCCCCC,5.33512589
CCCCCCCCCCCCNC(=O)C(CCCCCOC(=O)CCCCCCCC)NCCCN(C)C,3.15516584
CCCCCCCCCCCCCCNC(=O)C(CCCCCOC(=O)CCCCCCCC)NCCCN(C)C,2.10632863
CCCCCCCCCCCCCCCCNC(=O)C(CCCCCOC(=O)CCCCCCCC)NCCCN(C)C,3.06492652
CCCCCCCCCCCCCCCCCCNC(=O)C(CCCCCOC(=O)CCCCCCCC)NCCCN(C)C,4.37378047
CCCCCCCC/C=C\CCCCCCCCNC(=O)C(CCCCCOC(=O)CCCCCCCC)NCCCN(C)C,7.11056095
CCCCCCCCCCCCNC(=O)C(CCCCCOC(=O)CCC(C)CCCCC)NCCCN(C)C,4.87177594
CCCCCCCCCCCCCCNC(=O)C(CCCCCOC(=O)CCC(C)CCCCC)NCCCN(C)C,4.74270728
CCCCCCCCCCCCCCCCNC(=O)C(CCCCCOC(=O)CCC(C)CCCCC)NCCCN(C)C,6.10314334
CCCCCCCCCCCCCCCCCCNC(=O)C(CCCCCOC(=O)CCC(C)CCCCC)NCCCN(C)C,10.0514543
CCCCCCCC/C=C\CCCCCCCCNC(=O)C(CCCCCOC(=O)CCC(C)CCCCC)NCCCN(C)C,13.0268406
CCCCCCCCCCCCNC(=O)C(CCCCCOC(=O)CCCCCCCCC)NCCCN(C)C,5.7584521
CCCCCCCCCCCCCCNC(=O)C(CCCCCOC(=O)CCCCCCCCC)NCCCN(C)C,8.11860748
CCCCCCCCCCCCCCCCNC(=O)C(CCCCCOC(=O)CCCCCCCCC)NCCCN(C)C,7.41043564
CCCCCCCCCCCCCCCCCCNC(=O)C(CCCCCOC(=O)CCCCCCCCC)NCCCN(C)C,7.9997091
CCCCCCCC/C=C\CCCCCCCCNC(=O)C(CCCCCOC(=O)CCCCCCCCC)NCCCN(C)C,11.5531882
CCCCCCC/C=C/C(=O)OCCCCCC(NCCCN(C)C)C(=O)NCCCCCCCCCCCC,5.04889239
CCCCCCC/C=C/C(=O)OCCCCCC(NCCCN(C)C)C(=O)NCCCCCCCCCCCCCC,6.79225233
CCCCCCC/C=C/C(=O)OCCCCCC(NCCCN(C)C)C(=O)NCCCCCCCCCCCCCCCC,4.25375865
CCCCCCC/C=C/C(=O)OCCCCCC(NCCCN(C)C)C(=O)NCCCCCCCCCCCCCCCCCC,5.44660688
CCCCCCC/C=C/C(=O)OCCCCCC(NCCCN(C)C)C(=O)NCCCCCCCC/C=C\CCCCCCCC,8.36083106
CCCCCCC/C=C\C(=O)OCCCCCC(NCCCN(C)C)C(=O)NCCCCCCCCCCCC,6.03585892
CCCCCCC/C=C\C(=O)OCCCCCC(NCCCN(C)C)C(=O)NCCCCCCCCCCCCCC,7.20108591
CCCCCCC/C=C\C(=O)OCCCCCC(NCCCN(C)C)C(=O)NCCCCCCCCCCCCCCCC,6.19997066
CCCCCCC/C=C\C(=O)OCCCCCC(NCCCN(C)C)C(=O)NCCCCCCCCCCCCCCCCCC,6.10380965
CCCCCCC/C=C\C(=O)OCCCCCC(NCCCN(C)C)C(=O)NCCCCCCCC/C=C\CCCCCCCC,9.97974855
CCCCCCCCCCCCNC(=O)C(CCCCCOC(=O)CCCCCCCCCC)NCCCN(C)C,4.68788984
CCCCCCCCCCCCCCNC(=O)C(CCCCCOC(=O)CCCCCCCCCC)NCCCN(C)C,7.45671056
CCCCCCCCCCCCCCCCNC(=O)C(CCCCCOC(=O)CCCCCCCCCC)NCCCN(C)C,5.06861452
CCCCCCCCCCCCCCCCCCNC(=O)C(CCCCCOC(=O)CCCCCCCCCC)NCCCN(C)C,6.07722644
CCCCCCCC/C=C\CCCCCCCCNC(=O)C(CCCCCOC(=O)CCCCCCCCCC)NCCCN(C)C,9.33551845
C#CCCCCCCCCC(=O)OCCCCCC(NCCCN(C)C)C(=O)NCCCCCCCCCCCC,4.26033601
C#CCCCCCCCCC(=O)OCCCCCC(NCCCN(C)C)C(=O)NCCCCCCCCCCCCCC,6.81487454
C#CCCCCCCCCC(=O)OCCCCCC(NCCCN(C)C)C(=O)NCCCCCCCCCCCCCCCC,5.18938062
C#CCCCCCCCCC(=O)OCCCCCC(NCCCN(C)C)C(=O)NCCCCCCCCCCCCCCCCCC,6.2359584
C#CCCCCCCCCC(=O)OCCCCCC(NCCCN(C)C)C(=O)NCCCCCCCC/C=C\CCCCCCCC,7.24569941
C=CCCCCCCCCC(=O)OCCCCCC(NCCCN(C)C)C(=O)NCCCCCCCCCCCC,4.09392654
C=CCCCCCCCCC(=O)OCCCCCC(NCCCN(C)C)C(=O)NCCCCCCCCCCCCCC,7.00945813
C=CCCCCCCCCC(=O)OCCCCCC(NCCCN(C)C)C(=O)NCCCCCCCCCCCCCCCC,4.80967936
C=CCCCCCCCCC(=O)OCCCCCC(NCCCN(C)C)C(=O)NCCCCCCCCCCCCCCCCCC,6.67483176
C=CCCCCCCCCC(=O)OCCCCCC(NCCCN(C)C)C(=O)NCCCCCCCC/C=C\CCCCCCCC,8.30503336
CCCCCCCCCCCCCCCC(=O)OCCCCCC(NCCCN(C)C)C(=O)NCCCCCCCCCCCC,4.64209304
CCCCCCCCCCCCCCCC(=O)OCCCCCC(NCCCN(C)C)C(=O)NCCCCCCCCCCCCCC,7.35195563
CCCCCCCCCCCCCCCCNC(=O)C(CCCCCOC(=O)CCCCCCCCCCCCCCC)NCCCN(C)C,3.66019763
CCCCCCCCCCCCCCCCCCNC(=O)C(CCCCCOC(=O)CCCCCCCCCCCCCCC)NCCCN(C)C,7.073602
CCCCCCCC/C=C\CCCCCCCCNC(=O)C(CCCCCOC(=O)CCCCCCCCCCCCCCC)NCCCN(C)C,8.99675773
CCCCCCCCCCCCCCCCCC(=O)OCCCCCC(NCCCN(C)C)C(=O)NCCCCCCCCCCCC,8.31922395
CCCCCCCCCCCCCCCCCC(=O)OCCCCCC(NCCCN(C)C)C(=O)NCCCCCCCCCCCCCC,7.90114836
CCCCCCCCCCCCCCCCCC(=O)OCCCCCC(NCCCN(C)C)C(=O)NCCCCCCCCCCCCCCCC,6.10192247
CCCCCCCCCCCCCCCCCCNC(=O)C(CCCCCOC(=O)CCCCCCCCCCCCCCCCC)NCCCN(C)C,7.77671918
CCCCCCCC/C=C\CCCCCCCCNC(=O)C(CCCCCOC(=O)CCCCCCCCCCCCCCCCC)NCCCN(C)C,11.1476841
CCCCCCCC/C=C\CCCCCCCC(=O)OCCCCCC(NCCCN(C)C)C(=O)NCCCCCCCCCCCC,1.3041989
CCCCCCCC/C=C\CCCCCCCC(=O)OCCCCCC(NCCCN(C)C)C(=O)NCCCCCCCCCCCCCC,0.56284453
CCCCCCCC/C=C\CCCCCCCC(=O)OCCCCCC(NCCCN(C)C)C(=O)NCCCCCCCCCCCCCCCC,2.52952542
CCCCCCCC/C=C\CCCCCCCC(=O)OCCCCCC(NCCCN(C)C)C(=O)NCCCCCCCCCCCCCCCCCC,1.12893061
CCCCCCCC/C=C\CCCCCCCCNC(=O)C(CCCCCOC(=O)CCCCCCC/C=C\CCCCCCCC)NCCCN(C)C,2.02806603
CCCCC/C=C\C/C=C\CCCCCCCC(=O)OCCCCCC(NCCCN(C)C)C(=O)NCCCCCCCCCCCC,1.50047461
CCCCC/C=C\C/C=C\CCCCCCCC(=O)OCCCCCC(NCCCN(C)C)C(=O)NCCCCCCCCCCCCCC,3.14547568
CCCCC/C=C\C/C=C\CCCCCCCC(=O)OCCCCCC(NCCCN(C)C)C(=O)NCCCCCCCCCCCCCCCC,1.06824098
CCCCC/C=C\C/C=C\CCCCCCCC(=O)OCCCCCC(NCCCN(C)C)C(=O)NCCCCCCCCCCCCCCCCCC,1.20466548
CCCCC/C=C\C/C=C\CCCCCCCC(=O)OCCCCCC(NCCCN(C)C)C(=O)NCCCCCCCC/C=C\CCCCCCCC,0.99150087
CCCCCCCCCCCCNC(=O)C(CCCCCOC(=O)CCCCCCCC)NCCCN1CCOCC1,3.48473835
CCCCCCCCCCCCCCNC(=O)C(CCCCCOC(=O)CCCCCCCC)NCCCN1CCOCC1,2.87917915
CCCCCCCCCCCCCCCCNC(=O)C(CCCCCOC(=O)CCCCCCCC)NCCCN1CCOCC1,1.29299712
CCCCCCCCCCCCCCCCCCNC(=O)C(CCCCCOC(=O)CCCCCCCC)NCCCN1CCOCC1,6.2628551
CCCCCCCC/C=C\CCCCCCCCNC(=O)C(CCCCCOC(=O)CCCCCCCC)NCCCN1CCOCC1,6.41904013
CCCCCCCCCCCCNC(=O)C(CCCCCOC(=O)CCC(C)CCCCC)NCCCN1CCOCC1,3.64253403
CCCCCCCCCCCCCCNC(=O)C(CCCCCOC(=O)CCC(C)CCCCC)NCCCN1CCOCC1,1.20736869
CCCCCCCCCCCCCCCCNC(=O)C(CCCCCOC(=O)CCC(C)CCCCC)NCCCN1CCOCC1,3.20316785
CCCCCCCCCCCCCCCCCCNC(=O)C(CCCCCOC(=O)CCC(C)CCCCC)NCCCN1CCOCC1,5.00435191
CCCCCCCC/C=C\CCCCCCCCNC(=O)C(CCCCCOC(=O)CCC(C)CCCCC)NCCCN1CCOCC1,7.97648074
CCCCCCCCCCCCNC(=O)C(CCCCCOC(=O)CCCCCCCCC)NCCCN1CCOCC1,6.6645762
CCCCCCCCCCCCCCNC(=O)C(CCCCCOC(=O)CCCCCCCCC)NCCCN1CCOCC1,7.04178975
CCCCCCCCCCCCCCCCNC(=O)C(CCCCCOC(=O)CCCCCCCCC)NCCCN1CCOCC1,6.68546622
CCCCCCCCCCCCCCCCCCNC(=O)C(CCCCCOC(=O)CCCCCCCCC)NCCCN1CCOCC1,10.0903739
CCCCCCCC/C=C\CCCCCCCCNC(=O)C(CCCCCOC(=O)CCCCCCCCC)NCCCN1CCOCC1,11.1205245
CCCCCCC/C=C/C(=O)OCCCCCC(NCCCN1CCOCC1)C(=O)NCCCCCCCCCCCC,4.86480047
CCCCCCC/C=C/C(=O)OCCCCCC(NCCCN1CCOCC1)C(=O)NCCCCCCCCCCCCCC,5.86410817
CCCCCCC/C=C/C(=O)OCCCCCC(NCCCN1CCOCC1)C(=O)NCCCCCCCCCCCCCCCC,3.86868749
CCCCCCC/C=C/C(=O)OCCCCCC(NCCCN1CCOCC1)C(=O)NCCCCCCCCCCCCCCCCCC,6.12398965
CCCCCCC/C=C/C(=O)OCCCCCC(NCCCN1CCOCC1)C(=O)NCCCCCCCC/C=C\CCCCCCCC,7.90787487
CCCCCCC/C=C\C(=O)OCCCCCC(NCCCN1CCOCC1)C(=O)NCCCCCCCCCCCC,5.03501941
CCCCCCC/C=C\C(=O)OCCCCCC(NCCCN1CCOCC1)C(=O)NCCCCCCCCCCCCCC,7.38928965
CCCCCCC/C=C\C(=O)OCCCCCC(NCCCN1CCOCC1)C(=O)NCCCCCCCCCCCCCCCC,5.4347427
CCCCCCC/C=C\C(=O)OCCCCCC(NCCCN1CCOCC1)C(=O)NCCCCCCCCCCCCCCCCCC,6.35913315
CCCCCCC/C=C\C(=O)OCCCCCC(NCCCN1CCOCC1)C(=O)NCCCCCCCC/C=C\CCCCCCCC,9.95579036
CCCCCCCCCCCCNC(=O)C(CCCCCOC(=O)CCCCCCCCCC)NCCCN1CCOCC1,5.52858086
CCCCCCCCCCCCCCNC(=O)C(CCCCCOC(=O)CCCCCCCCCC)NCCCN1CCOCC1,7.24190162
CCCCCCCCCCCCCCCCNC(=O)C(CCCCCOC(=O)CCCCCCCCCC)NCCCN1CCOCC1,4.84586434
CCCCCCCCCCCCCCCCCCNC(=O)C(CCCCCOC(=O)CCCCCCCCCC)NCCCN1CCOCC1,7.05725056
CCCCCCCC/C=C\CCCCCCCCNC(=O)C(CCCCCOC(=O)CCCCCCCCCC)NCCCN1CCOCC1,8.55328971
C#CCCCCCCCCC(=O)OCCCCCC(NCCCN1CCOCC1)C(=O)NCCCCCCCCCCCC,2.70972839
C#CCCCCCCCCC(=O)OCCCCCC(NCCCN1CCOCC1)C(=O)NCCCCCCCCCCCCCC,5.43222182
C#CCCCCCCCCC(=O)OCCCCCC(NCCCN1CCOCC1)C(=O)NCCCCCCCCCCCCCCCC,2.79194259
C#CCCCCCCCCC(=O)OCCCCCC(NCCCN1CCOCC1)C(=O)NCCCCCCCCCCCCCCCCCC,6.45198545
C#CCCCCCCCCC(=O)OCCCCCC(NCCCN1CCOCC1)C(=O)NCCCCCCCC/C=C\CCCCCCCC,7.18156959
C=CCCCCCCCCC(=O)OCCCCCC(NCCCN1CCOCC1)C(=O)NCCCCCCCCCCCC,2.63634789
C=CCCCCCCCCC(=O)OCCCCCC(NCCCN1CCOCC1)C(=O)NCCCCCCCCCCCCCC,6.30337878
C=CCCCCCCCCC(=O)OCCCCCC(NCCCN1CCOCC1)C(=O)NCCCCCCCCCCCCCCCC,4.82433657
C=CCCCCCCCCC(=O)OCCCCCC(NCCCN1CCOCC1)C(=O)NCCCCCCCCCCCCCCCCCC,7.25147915
C=CCCCCCCCCC(=O)OCCCCCC(NCCCN1CCOCC1)C(=O)NCCCCCCCC/C=C\CCCCCCCC,11.2687476
CCCCCCCCCCCCCCCC(=O)OCCCCCC(NCCCN1CCOCC1)C(=O)NCCCCCCCCCCCC,4.91895425
CCCCCCCCCCCCCCCC(=O)OCCCCCC(NCCCN1CCOCC1)C(=O)NCCCCCCCCCCCCCC,7.09700587
CCCCCCCCCCCCCCCCNC(=O)C(CCCCCOC(=O)CCCCCCCCCCCCCCC)NCCCN1CCOCC1,3.93057679
CCCCCCCCCCCCCCCCCCNC(=O)C(CCCCCOC(=O)CCCCCCCCCCCCCCC)NCCCN1CCOCC1,7.61127838
CCCCCCCC/C=C\CCCCCCCCNC(=O)C(CCCCCOC(=O)CCCCCCCCCCCCCCC)NCCCN1CCOCC1,7.88917059
CCCCCCCCCCCCCCCCCC(=O)OCCCCCC(NCCCN1CCOCC1)C(=O)NCCCCCCCCCCCC,7.72753079
CCCCCCCCCCCCCCCCCC(=O)OCCCCCC(NCCCN1CCOCC1)C(=O)NCCCCCCCCCCCCCC,7.77179903
CCCCCCCCCCCCCCCCCC(=O)OCCCCCC(NCCCN1CCOCC1)C(=O)NCCCCCCCCCCCCCCCC,5.56893522
CCCCCCCCCCCCCCCCCCNC(=O)C(CCCCCOC(=O)CCCCCCCCCCCCCCCCC)NCCCN1CCOCC1,7.69739948
CCCCCCCC/C=C\CCCCCCCCNC(=O)C(CCCCCOC(=O)CCCCCCCCCCCCCCCCC)NCCCN1CCOCC1,6.39940541
CCCCCCCC/C=C\CCCCCCCC(=O)OCCCCCC(NCCCN1CCOCC1)C(=O)NCCCCCCCCCCCC,1.90174205
CCCCCCCC/C=C\CCCCCCCC(=O)OCCCCCC(NCCCN1CCOCC1)C(=O)NCCCCCCCCCCCCCC,1.35162375
CCCCCCCC/C=C\CCCCCCCC(=O)OCCCCCC(NCCCN1CCOCC1)C(=O)NCCCCCCCCCCCCCCCC,1.10326685
CCCCCCCC/C=C\CCCCCCCC(=O)OCCCCCC(NCCCN1CCOCC1)C(=O)NCCCCCCCCCCCCCCCCCC,0.78924019
CCCCCCCC/C=C\CCCCCCCCNC(=O)C(CCCCCOC(=O)CCCCCCC/C=C\CCCCCCCC)NCCCN1CCOCC1,0.23057641
CCCCC/C=C\C/C=C\CCCCCCCC(=O)OCCCCCC(NCCCN1CCOCC1)C(=O)NCCCCCCCCCCCC,1.16009384
CCCCC/C=C\C/C=C\CCCCCCCC(=O)OCCCCCC(NCCCN1CCOCC1)C(=O)NCCCCCCCCCCCCCC,1.47932546
CCCCC/C=C\C/C=C\CCCCCCCC(=O)OCCCCCC(NCCCN1CCOCC1)C(=O)NCCCCCCCCCCCCCCCC,1.32923223
CCCCC/C=C\C/C=C\CCCCCCCC(=O)OCCCCCC(NCCCN1CCOCC1)C(=O)NCCCCCCCCCCCCCCCCCC,0.42849333
CCCCC/C=C\C/C=C\CCCCCCCC(=O)OCCCCCC(NCCCN1CCOCC1)C(=O)NCCCCCCCC/C=C\CCCCCCCC,0.36286336
CCCCCCCCCCCCNC(=O)C(CCCCCOC(=O)CCCCCCCC)NCCCN(CCCC)CCCC,3.33944206
CCCCCCCCCCCCCCNC(=O)C(CCCCCOC(=O)CCCCCCCC)NCCCN(CCCC)CCCC,2.92972545
CCCCCCCCCCCCCCCCNC(=O)C(CCCCCOC(=O)CCCCCCCC)NCCCN(CCCC)CCCC,1.11519059
CCCCCCCCCCCCCCCCCCNC(=O)C(CCCCCOC(=O)CCCCCCCC)NCCCN(CCCC)CCCC,3.32182727
CCCCCCCC/C=C\CCCCCCCCNC(=O)C(CCCCCOC(=O)CCCCCCCC)NCCCN(CCCC)CCCC,5.95032256
CCCCCCCCCCCCNC(=O)C(CCCCCOC(=O)CCC(C)CCCCC)NCCCN(CCCC)CCCC,7.57066686
CCCCCCCCCCCCCCNC(=O)C(CCCCCOC(=O)CCC(C)CCCCC)NCCCN(CCCC)CCCC,6.62736135
CCCCCCCCCCCCCCCCNC(=O)C(CCCCCOC(=O)CCC(C)CCCCC)NCCCN(CCCC)CCCC,8.80574063
CCCCCCCCCCCCCCCCCCNC(=O)C(CCCCCOC(=O)CCC(C)CCCCC)NCCCN(CCCC)CCCC,13.5846798
CCCCCCCC/C=C\CCCCCCCCNC(=O)C(CCCCCOC(=O)CCC(C)CCCCC)NCCCN(CCCC)CCCC,14.5054744
CCCCCCCCCCCCNC(=O)C(CCCCCOC(=O)CCCCCCCCC)NCCCN(CCCC)CCCC,9.25808948
CCCCCCCCCCCCCCNC(=O)C(CCCCCOC(=O)CCCCCCCCC)NCCCN(CCCC)CCCC,11.0566891
CCCCCCCCCCCCCCCCNC(=O)C(CCCCCOC(=O)CCCCCCCCC)NCCCN(CCCC)CCCC,9.81618374
CCCCCCCCCCCCCCCCCCNC(=O)C(CCCCCOC(=O)CCCCCCCCC)NCCCN(CCCC)CCCC,13.2130739
CCCCCCCC/C=C\CCCCCCCCNC(=O)C(CCCCCOC(=O)CCCCCCCCC)NCCCN(CCCC)CCCC,14.6089492
CCCCCCC/C=C/C(=O)OCCCCCC(NCCCN(CCCC)CCCC)C(=O)NCCCCCCCCCCCC,2.5192461
CCCCCCC/C=C/C(=O)OCCCCCC(NCCCN(CCCC)CCCC)C(=O)NCCCCCCCCCCCCCC,6.02104238
CCCCCCC/C=C/C(=O)OCCCCCC(NCCCN(CCCC)CCCC)C(=O)NCCCCCCCCCCCCCCCC,3.37158829
CCCCCCC/C=C/C(=O)OCCCCCC(NCCCN(CCCC)CCCC)C(=O)NCCCCCCCCCCCCCCCCCC,6.31355004
CCCCCCC/C=C/C(=O)OCCCCCC(NCCCN(CCCC)CCCC)C(=O)NCCCCCCCC/C=C\CCCCCCCC,10.2359389
CCCCCCC/C=C\C(=O)OCCCCCC(NCCCN(CCCC)CCCC)C(=O)NCCCCCCCCCCCC,6.92127315
CCCCCCC/C=C\C(=O)OCCCCCC(NCCCN(CCCC)CCCC)C(=O)NCCCCCCCCCCCCCC,9.63340693
CCCCCCC/C=C\C(=O)OCCCCCC(NCCCN(CCCC)CCCC)C(=O)NCCCCCCCCCCCCCCCC,7.75053714
CCCCCCC/C=C\C(=O)OCCCCCC(NCCCN(CCCC)CCCC)C(=O)NCCCCCCCCCCCCCCCCCC,5.37966373
CCCCCCC/C=C\C(=O)OCCCCCC(NCCCN(CCCC)CCCC)C(=O)NCCCCCCCC/C=C\CCCCCCCC,12.911927
CCCCCCCCCCCCNC(=O)C(CCCCCOC(=O)CCCCCCCCCC)NCCCN(CCCC)CCCC,4.13368148
CCCCCCCCCCCCCCNC(=O)C(CCCCCOC(=O)CCCCCCCCCC)NCCCN(CCCC)CCCC,9.72433033
CCCCCCCCCCCCCCCCNC(=O)C(CCCCCOC(=O)CCCCCCCCCC)NCCCN(CCCC)CCCC,7.40260633
CCCCCCCCCCCCCCCCCCNC(=O)C(CCCCCOC(=O)CCCCCCCCCC)NCCCN(CCCC)CCCC,5.32441044
CCCCCCCC/C=C\CCCCCCCCNC(=O)C(CCCCCOC(=O)CCCCCCCCCC)NCCCN(CCCC)CCCC,11.7363444
C#CCCCCCCCCC(=O)OCCCCCC(NCCCN(CCCC)CCCC)C(=O)NCCCCCCCCCCCC,3.929473
C#CCCCCCCCCC(=O)OCCCCCC(NCCCN(CCCC)CCCC)C(=O)NCCCCCCCCCCCCCC,7.30060049
C#CCCCCCCCCC(=O)OCCCCCC(NCCCN(CCCC)CCCC)C(=O)NCCCCCCCCCCCCCCCC,3.82848598
C#CCCCCCCCCC(=O)OCCCCCC(NCCCN(CCCC)CCCC)C(=O)NCCCCCCCCCCCCCCCCCC,3.41349722
C#CCCCCCCCCC(=O)OCCCCCC(NCCCN(CCCC)CCCC)C(=O)NCCCCCCCC/C=C\CCCCCCCC,8.56342355
C=CCCCCCCCCC(=O)OCCCCCC(NCCCN(CCCC)CCCC)C(=O)NCCCCCCCCCCCC,4.23453408
C=CCCCCCCCCC(=O)OCCCCCC(NCCCN(CCCC)CCCC)C(=O)NCCCCCCCCCCCCCC,8.68721233
C=CCCCCCCCCC(=O)OCCCCCC(NCCCN(CCCC)CCCC)C(=O)NCCCCCCCCCCCCCCCC,6.5676369
C=CCCCCCCCCC(=O)OCCCCCC(NCCCN(CCCC)CCCC)C(=O)NCCCCCCCCCCCCCCCCCC,4.73223399
C=CCCCCCCCCC(=O)OCCCCCC(NCCCN(CCCC)CCCC)C(=O)NCCCCCCCC/C=C\CCCCCCCC,7.60602372
CCCCCCCCCCCCCCCC(=O)OCCCCCC(NCCCN(CCCC)CCCC)C(=O)NCCCCCCCCCCCC,4.22071985
CCCCCCCCCCCCCCCC(=O)OCCCCCC(NCCCN(CCCC)CCCC)C(=O)NCCCCCCCCCCCCCC,7.8208147
CCCCCCCCCCCCCCCCNC(=O)C(CCCCCOC(=O)CCCCCCCCCCCCCCC)NCCCN(CCCC)CCCC,6.26773437
CCCCCCCCCCCCCCCCCCNC(=O)C(CCCCCOC(=O)CCCCCCCCCCCCCCC)NCCCN(CCCC)CCCC,6.02890007
CCCCCCCC/C=C\CCCCCCCCNC(=O)C(CCCCCOC(=O)CCCCCCCCCCCCCCC)NCCCN(CCCC)CCCC,1.3075347
CCCCCCCCCCCCCCCCCC(=O)OCCCCCC(NCCCN(CCCC)CCCC)C(=O)NCCCCCCCCCCCC,12.9931329
CCCCCCCCCCCCCCCCCC(=O)OCCCCCC(NCCCN(CCCC)CCCC)C(=O)NCCCCCCCCCCCCCC,12.4315927
CCCCCCCCCCCCCCCCCC(=O)OCCCCCC(NCCCN(CCCC)CCCC)C(=O)NCCCCCCCCCCCCCCCC,9.48639518
CCCCCCCCCCCCCCCCCCNC(=O)C(CCCCCOC(=O)CCCCCCCCCCCCCCCCC)NCCCN(CCCC)CCCC,5.01870752
CCCCCCCC/C=C\CCCCCCCCNC(=O)C(CCCCCOC(=O)CCCCCCCCCCCCCCCCC)NCCCN(CCCC)CCCC,1.83011908
CCCCCCCC/C=C\CCCCCCCC(=O)OCCCCCC(NCCCN(CCCC)CCCC)C(=O)NCCCCCCCCCCCC,2.48227684
CCCCCCCC/C=C\CCCCCCCC(=O)OCCCCCC(NCCCN(CCCC)CCCC)C(=O)NCCCCCCCCCCCCCC,1.98319529
CCCCCCCC/C=C\CCCCCCCC(=O)OCCCCCC(NCCCN(CCCC)CCCC)C(=O)NCCCCCCCCCCCCCCCC,0.69286771
CCCCCCCC/C=C\CCCCCCCC(=O)OCCCCCC(NCCCN(CCCC)CCCC)C(=O)NCCCCCCCCCCCCCCCCCC,1.01737788
CCCCCCCC/C=C\CCCCCCCCNC(=O)C(CCCCCOC(=O)CCCCCCC/C=C\CCCCCCCC)NCCCN(CCCC)CCCC,-0.2800591
CCCCC/C=C\C/C=C\CCCCCCCC(=O)OCCCCCC(NCCCN(CCCC)CCCC)C(=O)NCCCCCCCCCCCC,1.3624204
CCCCC/C=C\C/C=C\CCCCCCCC(=O)OCCCCCC(NCCCN(CCCC)CCCC)C(=O)NCCCCCCCCCCCCCC,1.00203407
CCCCC/C=C\C/C=C\CCCCCCCC(=O)OCCCCCC(NCCCN(CCCC)CCCC)C(=O)NCCCCCCCCCCCCCCCC,2.70068768
CCCCC/C=C\C/C=C\CCCCCCCC(=O)OCCCCCC(NCCCN(CCCC)CCCC)C(=O)NCCCCCCCCCCCCCCCCCC,-0.138983
CCCCC/C=C\C/C=C\CCCCCCCC(=O)OCCCCCC(NCCCN(CCCC)CCCC)C(=O)NCCCCCCCC/C=C\CCCCCCCC,0.01785072
CCCCCCCCCCCCNC(=O)C(CCCCCOC(=O)CCCCCCCC)Nc1cc(C)nn1C,2.0660755
CCCCCCCCCCCCCCNC(=O)C(CCCCCOC(=O)CCCCCCCC)Nc1cc(C)nn1C,1.51001629
CCCCCCCCCCCCCCCCNC(=O)C(CCCCCOC(=O)CCCCCCCC)Nc1cc(C)nn1C,2.63531704
CCCCCCCCCCCCCCCCCCNC(=O)C(CCCCCOC(=O)CCCCCCCC)Nc1cc(C)nn1C,2.54394478
CCCCCCCC/C=C\CCCCCCCCNC(=O)C(CCCCCOC(=O)CCCCCCCC)Nc1cc(C)nn1C,3.53915881
CCCCCCCCCCCCNC(=O)C(CCCCCOC(=O)CCC(C)CCCCC)Nc1cc(C)nn1C,5.17174216
CCCCCCCCCCCCCCNC(=O)C(CCCCCOC(=O)CCC(C)CCCCC)Nc1cc(C)nn1C,3.64412509
CCCCCCCCCCCCCCCCNC(=O)C(CCCCCOC(=O)CCC(C)CCCCC)Nc1cc(C)nn1C,6.25639722
CCCCCCCCCCCCCCCCCCNC(=O)C(CCCCCOC(=O)CCC(C)CCCCC)Nc1cc(C)nn1C,6.32315943
CCCCCCCC/C=C\CCCCCCCCNC(=O)C(CCCCCOC(=O)CCC(C)CCCCC)Nc1cc(C)nn1C,5.98013958
CCCCCCCCCCCCNC(=O)C(CCCCCOC(=O)CCCCCCCCC)Nc1cc(C)nn1C,7.53003933
CCCCCCCCCCCCCCNC(=O)C(CCCCCOC(=O)CCCCCCCCC)Nc1cc(C)nn1C,5.85919656
CCCCCCCCCCCCCCCCNC(=O)C(CCCCCOC(=O)CCCCCCCCC)Nc1cc(C)nn1C,8.74993946
CCCCCCCCCCCCCCCCCCNC(=O)C(CCCCCOC(=O)CCCCCCCCC)Nc1cc(C)nn1C,8.65747576
CCCCCCCC/C=C\CCCCCCCCNC(=O)C(CCCCCOC(=O)CCCCCCCCC)Nc1cc(C)nn1C,10.104435
CCCCCCC/C=C/C(=O)OCCCCCC(Nc1cc(C)nn1C)C(=O)NCCCCCCCCCCCC,7.27310317
CCCCCCC/C=C/C(=O)OCCCCCC(Nc1cc(C)nn1C)C(=O)NCCCCCCCCCCCCCC,6.95305229
CCCCCCC/C=C/C(=O)OCCCCCC(Nc1cc(C)nn1C)C(=O)NCCCCCCCCCCCCCCCC,6.26097071
CCCCCCC/C=C/C(=O)OCCCCCC(Nc1cc(C)nn1C)C(=O)NCCCCCCCCCCCCCCCCCC,6.18152253
CCCCCCC/C=C/C(=O)OCCCCCC(Nc1cc(C)nn1C)C(=O)NCCCCCCCC/C=C\CCCCCCCC,8.91849059
CCCCCCC/C=C\C(=O)OCCCCCC(Nc1cc(C)nn1C)C(=O)NCCCCCCCCCCCC,4.99184498
CCCCCCC/C=C\C(=O)OCCCCCC(Nc1cc(C)nn1C)C(=O)NCCCCCCCCCCCCCC,7.20742641
CCCCCCC/C=C\C(=O)OCCCCCC(Nc1cc(C)nn1C)C(=O)NCCCCCCCCCCCCCCCC,6.32573773
CCCCCCC/C=C\C(=O)OCCCCCC(Nc1cc(C)nn1C)C(=O)NCCCCCCCCCCCCCCCCCC,6.57892897
CCCCCCC/C=C\C(=O)OCCCCCC(Nc1cc(C)nn1C)C(=O)NCCCCCCCC/C=C\CCCCCCCC,7.48280796
CCCCCCCCCCCCNC(=O)C(CCCCCOC(=O)CCCCCCCCCC)Nc1cc(C)nn1C,7.44509862
CCCCCCCCCCCCCCNC(=O)C(CCCCCOC(=O)CCCCCCCCCC)Nc1cc(C)nn1C,7.48511842
CCCCCCCCCCCCCCCCNC(=O)C(CCCCCOC(=O)CCCCCCCCCC)Nc1cc(C)nn1C,6.49680027
CCCCCCCCCCCCCCCCCCNC(=O)C(CCCCCOC(=O)CCCCCCCCCC)Nc1cc(C)nn1C,6.60964499
CCCCCCCC/C=C\CCCCCCCCNC(=O)C(CCCCCOC(=O)CCCCCCCCCC)Nc1cc(C)nn1C,6.73583805
C#CCCCCCCCCC(=O)OCCCCCC(Nc1cc(C)nn1C)C(=O)NCCCCCCCCCCCC,7.28190837
C#CCCCCCCCCC(=O)OCCCCCC(Nc1cc(C)nn1C)C(=O)NCCCCCCCCCCCCCC,4.62010865
C#CCCCCCCCCC(=O)OCCCCCC(Nc1cc(C)nn1C)C(=O)NCCCCCCCCCCCCCCCC,5.57821809
C#CCCCCCCCCC(=O)OCCCCCC(Nc1cc(C)nn1C)C(=O)NCCCCCCCCCCCCCCCCCC,5.38073303
C#CCCCCCCCCC(=O)OCCCCCC(Nc1cc(C)nn1C)C(=O)NCCCCCCCC/C=C\CCCCCCCC,7.35314683
C=CCCCCCCCCC(=O)OCCCCCC(Nc1cc(C)nn1C)C(=O)NCCCCCCCCCCCC,6.75663945
C=CCCCCCCCCC(=O)OCCCCCC(Nc1cc(C)nn1C)C(=O)NCCCCCCCCCCCCCC,6.27246309
C=CCCCCCCCCC(=O)OCCCCCC(Nc1cc(C)nn1C)C(=O)NCCCCCCCCCCCCCCCC,4.82706993
C=CCCCCCCCCC(=O)OCCCCCC(Nc1cc(C)nn1C)C(=O)NCCCCCCCCCCCCCCCCCC,4.59843649
C=CCCCCCCCCC(=O)OCCCCCC(Nc1cc(C)nn1C)C(=O)NCCCCCCCC/C=C\CCCCCCCC,10.3863565
CCCCCCCCCCCCCCCC(=O)OCCCCCC(Nc1cc(C)nn1C)C(=O)NCCCCCCCCCCCC,7.53365334
CCCCCCCCCCCCCCCC(=O)OCCCCCC(Nc1cc(C)nn1C)C(=O)NCCCCCCCCCCCCCC,6.88661726
CCCCCCCCCCCCCCCCNC(=O)C(CCCCCOC(=O)CCCCCCCCCCCCCCC)Nc1cc(C)nn1C,5.96423694
CCCCCCCCCCCCCCCCCCNC(=O)C(CCCCCOC(=O)CCCCCCCCCCCCCCC)Nc1cc(C)nn1C,6.1916659
CCCCCCCC/C=C\CCCCCCCCNC(=O)C(CCCCCOC(=O)CCCCCCCCCCCCCCC)Nc1cc(C)nn1C,7.99246633
CCCCCCCCCCCCCCCCCC(=O)OCCCCCC(Nc1cc(C)nn1C)C(=O)NCCCCCCCCCCCC,5.03756674
CCCCCCCCCCCCCCCCCC(=O)OCCCCCC(Nc1cc(C)nn1C)C(=O)NCCCCCCCCCCCCCC,5.4453684
CCCCCCCCCCCCCCCCCC(=O)OCCCCCC(Nc1cc(C)nn1C)C(=O)NCCCCCCCCCCCCCCCC,8.94749338
CCCCCCCCCCCCCCCCCCNC(=O)C(CCCCCOC(=O)CCCCCCCCCCCCCCCCC)Nc1cc(C)nn1C,8.31798828
CCCCCCCC/C=C\CCCCCCCCNC(=O)C(CCCCCOC(=O)CCCCCCCCCCCCCCCCC)Nc1cc(C)nn1C,6.51175265
CCCCCCCC/C=C\CCCCCCCC(=O)OCCCCCC(Nc1cc(C)nn1C)C(=O)NCCCCCCCCCCCC,3.83942951
CCCCCCCC/C=C\CCCCCCCC(=O)OCCCCCC(Nc1cc(C)nn1C)C(=O)NCCCCCCCCCCCCCC,-1.2292359
CCCCCCCC/C=C\CCCCCCCC(=O)OCCCCCC(Nc1cc(C)nn1C)C(=O)NCCCCCCCCCCCCCCCC,-1.0154218
CCCCCCCC/C=C\CCCCCCCC(=O)OCCCCCC(Nc1cc(C)nn1C)C(=O)NCCCCCCCCCCCCCCCCCC,-0.3700444
CCCCCCCC/C=C\CCCCCCCCNC(=O)C(CCCCCOC(=O)CCCCCCC/C=C\CCCCCCCC)Nc1cc(C)nn1C,0.11547722
CCCCC/C=C\C/C=C\CCCCCCCC(=O)OCCCCCC(Nc1cc(C)nn1C)C(=O)NCCCCCCCCCCCC,0.29643511
CCCCC/C=C\C/C=C\CCCCCCCC(=O)OCCCCCC(Nc1cc(C)nn1C)C(=O)NCCCCCCCCCCCCCC,-0.3111184
CCCCC/C=C\C/C=C\CCCCCCCC(=O)OCCCCCC(Nc1cc(C)nn1C)C(=O)NCCCCCCCCCCCCCCCC,-1.0676518
CCCCC/C=C\C/C=C\CCCCCCCC(=O)OCCCCCC(Nc1cc(C)nn1C)C(=O)NCCCCCCCCCCCCCCCCCC,-0.6707762
CCCCC/C=C\C/C=C\CCCCCCCC(=O)OCCCCCC(Nc1cc(C)nn1C)C(=O)NCCCCCCCC/C=C\CCCCCCCC,0.05889369
CCCCCCCCCCCCNC(=O)C(CCCCCOC(=O)CCCCCCCC)NCCN1CCCC1,1.15234347
CCCCCCCCCCCCCCNC(=O)C(CCCCCOC(=O)CCCCCCCC)NCCN1CCCC1,2.60541868
CCCCCCCCCCCCCCCCNC(=O)C(CCCCCOC(=O)CCCCCCCC)NCCN1CCCC1,5.50608944
CCCCCCCCCCCCCCCCCCNC(=O)C(CCCCCOC(=O)CCCCCCCC)NCCN1CCCC1,5.30521041
CCCCCCCC/C=C\CCCCCCCCNC(=O)C(CCCCCOC(=O)CCCCCCCC)NCCN1CCCC1,5.76708093
CCCCCCCCCCCCNC(=O)C(CCCCCOC(=O)CCC(C)CCCCC)NCCN1CCCC1,9.54572096
CCCCCCCCCCCCCCNC(=O)C(CCCCCOC(=O)CCC(C)CCCCC)NCCN1CCCC1,12.8523172
CCCCCCCCCCCCCCCCNC(=O)C(CCCCCOC(=O)CCC(C)CCCCC)NCCN1CCCC1,13.9161739
CCCCCCCCCCCCCCCCCCNC(=O)C(CCCCCOC(=O)CCC(C)CCCCC)NCCN1CCCC1,13.8525904
CCCCCCCC/C=C\CCCCCCCCNC(=O)C(CCCCCOC(=O)CCC(C)CCCCC)NCCN1CCCC1,15.082532
CCCCCCCCCCCCNC(=O)C(CCCCCOC(=O)CCCCCCCCC)NCCN1CCCC1,8.06318935
CCCCCCCCCCCCCCNC(=O)C(CCCCCOC(=O)CCCCCCCCC)NCCN1CCCC1,8.6564412
CCCCCCCCCCCCCCCCNC(=O)C(CCCCCOC(=O)CCCCCCCCC)NCCN1CCCC1,7.03961209
CCCCCCCCCCCCCCCCCCNC(=O)C(CCCCCOC(=O)CCCCCCCCC)NCCN1CCCC1,7.02140449
CCCCCCCC/C=C\CCCCCCCCNC(=O)C(CCCCCOC(=O)CCCCCCCCC)NCCN1CCCC1,8.7232343
CCCCCCC/C=C/C(=O)OCCCCCC(NCCN1CCCC1)C(=O)NCCCCCCCCCCCC,8.3097755
CCCCCCC/C=C/C(=O)OCCCCCC(NCCN1CCCC1)C(=O)NCCCCCCCCCCCCCC,5.98428691
CCCCCCC/C=C/C(=O)OCCCCCC(NCCN1CCCC1)C(=O)NCCCCCCCCCCCCCCCC,6.24581676
CCCCCCC/C=C/C(=O)OCCCCCC(NCCN1CCCC1)C(=O)NCCCCCCCCCCCCCCCCCC,6.39654585
CCCCCCC/C=C/C(=O)OCCCCCC(NCCN1CCCC1)C(=O)NCCCCCCCC/C=C\CCCCCCCC,7.71166697
CCCCCCC/C=C\C(=O)OCCCCCC(NCCN1CCCC1)C(=O)NCCCCCCCCCCCC,8.1165943
CCCCCCC/C=C\C(=O)OCCCCCC(NCCN1CCCC1)C(=O)NCCCCCCCCCCCCCC,8.25203166
CCCCCCC/C=C\C(=O)OCCCCCC(NCCN1CCCC1)C(=O)NCCCCCCCCCCCCCCCC,6.82605362
CCCCCCC/C=C\C(=O)OCCCCCC(NCCN1CCCC1)C(=O)NCCCCCCCCCCCCCCCCCC,6.95665138
CCCCCCC/C=C\C(=O)OCCCCCC(NCCN1CCCC1)C(=O)NCCCCCCCC/C=C\CCCCCCCC,9.51002236
CCCCCCCCCCCCNC(=O)C(CCCCCOC(=O)CCCCCCCCCC)NCCN1CCCC1,8.23486796
CCCCCCCCCCCCCCNC(=O)C(CCCCCOC(=O)CCCCCCCCCC)NCCN1CCCC1,7.75611066
CCCCCCCCCCCCCCCCNC(=O)C(CCCCCOC(=O)CCCCCCCCCC)NCCN1CCCC1,8.78489437
CCCCCCCCCCCCCCCCCCNC(=O)C(CCCCCOC(=O)CCCCCCCCCC)NCCN1CCCC1,8.87542661
CCCCCCCC/C=C\CCCCCCCCNC(=O)C(CCCCCOC(=O)CCCCCCCCCC)NCCN1CCCC1,10.4795698
C#CCCCCCCCCC(=O)OCCCCCC(NCCN1CCCC1)C(=O)NCCCCCCCCCCCC,6.71943626
C#CCCCCCCCCC(=O)OCCCCCC(NCCN1CCCC1)C(=O)NCCCCCCCCCCCCCC,7.75671719
C#CCCCCCCCCC(=O)OCCCCCC(NCCN1CCCC1)C(=O)NCCCCCCCCCCCCCCCC,7.05028074
C#CCCCCCCCCC(=O)OCCCCCC(NCCN1CCCC1)C(=O)NCCCCCCCCCCCCCCCCCC,6.95135195
C#CCCCCCCCCC(=O)OCCCCCC(NCCN1CCCC1)C(=O)NCCCCCCCC/C=C\CCCCCCCC,8.43288983
C=CCCCCCCCCC(=O)OCCCCCC(NCCN1CCCC1)C(=O)NCCCCCCCCCCCC,7.8687767
C=CCCCCCCCCC(=O)OCCCCCC(NCCN1CCCC1)C(=O)NCCCCCCCCCCCCCC,7.8915024
C=CCCCCCCCCC(=O)OCCCCCC(NCCN1CCCC1)C(=O)NCCCCCCCCCCCCCCCC,6.66035261
C=CCCCCCCCCC(=O)OCCCCCC(NCCN1CCCC1)C(=O)NCCCCCCCCCCCCCCCCCC,6.5082243
C=CCCCCCCCCC(=O)OCCCCCC(NCCN1CCCC1)C(=O)NCCCCCCCC/C=C\CCCCCCCC,8.73865526
CCCCCCCCCCCCCCCC(=O)OCCCCCC(NCCN1CCCC1)C(=O)NCCCCCCCCCCCC,4.42487481
CCCCCCCCCCCCCCCC(=O)OCCCCCC(NCCN1CCCC1)C(=O)NCCCCCCCCCCCCCC,7.41516649
CCCCCCCCCCCCCCCCNC(=O)C(CCCCCOC(=O)CCCCCCCCCCCCCCC)NCCN1CCCC1,6.03033248
CCCCCCCCCCCCCCCCCCNC(=O)C(CCCCCOC(=O)CCCCCCCCCCCCCCC)NCCN1CCCC1,6.11222977
CCCCCCCC/C=C\CCCCCCCCNC(=O)C(CCCCCOC(=O)CCCCCCCCCCCCCCC)NCCN1CCCC1,8.85564717
CCCCCCCCCCCCCCCCCC(=O)OCCCCCC(NCCN1CCCC1)C(=O)NCCCCCCCCCCCC,10.1004864
CCCCCCCCCCCCCCCCCC(=O)OCCCCCC(NCCN1CCCC1)C(=O)NCCCCCCCCCCCCCC,7.5617625
CCCCCCCCCCCCCCCCCC(=O)OCCCCCC(NCCN1CCCC1)C(=O)NCCCCCCCCCCCCCCCC,6.98171641
CCCCCCCCCCCCCCCCCCNC(=O)C(CCCCCOC(=O)CCCCCCCCCCCCCCCCC)NCCN1CCCC1,7.46165449
CCCCCCCC/C=C\CCCCCCCCNC(=O)C(CCCCCOC(=O)CCCCCCCCCCCCCCCCC)NCCN1CCCC1,8.71710517
CCCCCCCC/C=C\CCCCCCCC(=O)OCCCCCC(NCCN1CCCC1)C(=O)NCCCCCCCCCCCC,5.91738134
CCCCCCCC/C=C\CCCCCCCC(=O)OCCCCCC(NCCN1CCCC1)C(=O)NCCCCCCCCCCCCCC,1.27967472
CCCCCCCC/C=C\CCCCCCCC(=O)OCCCCCC(NCCN1CCCC1)C(=O)NCCCCCCCCCCCCCCCC,3.0738796
CCCCCCCC/C=C\CCCCCCCC(=O)OCCCCCC(NCCN1CCCC1)C(=O)NCCCCCCCCCCCCCCCCCC,2.95648762
CCCCCCCC/C=C\CCCCCCCCNC(=O)C(CCCCCOC(=O)CCCCCCC/C=C\CCCCCCCC)NCCN1CCCC1,2.48112669
CCCCC/C=C\C/C=C\CCCCCCCC(=O)OCCCCCC(NCCN1CCCC1)C(=O)NCCCCCCCCCCCC,5.31348867
CCCCC/C=C\C/C=C\CCCCCCCC(=O)OCCCCCC(NCCN1CCCC1)C(=O)NCCCCCCCCCCCCCC,1.74709753
CCCCC/C=C\C/C=C\CCCCCCCC(=O)OCCCCCC(NCCN1CCCC1)C(=O)NCCCCCCCCCCCCCCCC,1.18782567
CCCCC/C=C\C/C=C\CCCCCCCC(=O)OCCCCCC(NCCN1CCCC1)C(=O)NCCCCCCCCCCCCCCCCCC,1.65963065
CCCCC/C=C\C/C=C\CCCCCCCC(=O)OCCCCCC(NCCN1CCCC1)C(=O)NCCCCCCCC/C=C\CCCCCCCC,2.32192809
CCCCCCCCCCCCNC(=O)C(CCCCCOC(=O)CCCCCCCC)NN1CCOCC1,0.70898532
CCCCCCCCCCCCCCNC(=O)C(CCCCCOC(=O)CCCCCCCC)NN1CCOCC1,1.94087005
CCCCCCCCCCCCCCCCNC(=O)C(CCCCCOC(=O)CCCCCCCC)NN1CCOCC1,3.92863814
CCCCCCCCCCCCCCCCCCNC(=O)C(CCCCCOC(=O)CCCCCCCC)NN1CCOCC1,3.4174752
CCCCCCCC/C=C\CCCCCCCCNC(=O)C(CCCCCOC(=O)CCCCCCCC)NN1CCOCC1,3.75042785
CCCCCCCCCCCCNC(=O)C(CCCCCOC(=O)CCC(C)CCCCC)NN1CCOCC1,6.37716187
CCCCCCCCCCCCCCNC(=O)C(CCCCCOC(=O)CCC(C)CCCCC)NN1CCOCC1,3.14419718
CCCCCCCCCCCCCCCCNC(=O)C(CCCCCOC(=O)CCC(C)CCCCC)NN1CCOCC1,5.37643095
CCCCCCCCCCCCCCCCCCNC(=O)C(CCCCCOC(=O)CCC(C)CCCCC)NN1CCOCC1,5.26625813
CCCCCCCC/C=C\CCCCCCCCNC(=O)C(CCCCCOC(=O)CCC(C)CCCCC)NN1CCOCC1,5.24792751
CCCCCCCCCCCCNC(=O)C(CCCCCOC(=O)CCCCCCCCC)NN1CCOCC1,8.34030458
CCCCCCCCCCCCCCNC(=O)C(CCCCCOC(=O)CCCCCCCCC)NN1CCOCC1,7.60642145
CCCCCCCCCCCCCCCCNC(=O)C(CCCCCOC(=O)CCCCCCCCC)NN1CCOCC1,6.54199141
CCCCCCCCCCCCCCCCCCNC(=O)C(CCCCCOC(=O)CCCCCCCCC)NN1CCOCC1,6.61774931
CCCCCCCC/C=C\CCCCCCCCNC(=O)C(CCCCCOC(=O)CCCCCCCCC)NN1CCOCC1,7.62357671
CCCCCCC/C=C/C(=O)OCCCCCC(NN1CCOCC1)C(=O)NCCCCCCCCCCCC,7.36428018
CCCCCCC/C=C/C(=O)OCCCCCC(NN1CCOCC1)C(=O)NCCCCCCCCCCCCCC,7.09432018
CCCCCCC/C=C/C(=O)OCCCCCC(NN1CCOCC1)C(=O)NCCCCCCCCCCCCCCCC,5.92147349
CCCCCCC/C=C/C(=O)OCCCCCC(NN1CCOCC1)C(=O)NCCCCCCCCCCCCCCCCCC,6.0899483
CCCCCCC/C=C/C(=O)OCCCCCC(NN1CCOCC1)C(=O)NCCCCCCCC/C=C\CCCCCCCC,6.35167544
CCCCCCC/C=C\C(=O)OCCCCCC(NN1CCOCC1)C(=O)NCCCCCCCCCCCC,8.26314149
CCCCCCC/C=C\C(=O)OCCCCCC(NN1CCOCC1)C(=O)NCCCCCCCCCCCCCC,7.41666398
CCCCCCC/C=C\C(=O)OCCCCCC(NN1CCOCC1)C(=O)NCCCCCCCCCCCCCCCC,6.72953019
CCCCCCC/C=C\C(=O)OCCCCCC(NN1CCOCC1)C(=O)NCCCCCCCCCCCCCCCCCC,6.71743663
CCCCCCC/C=C\C(=O)OCCCCCC(NN1CCOCC1)C(=O)NCCCCCCCC/C=C\CCCCCCCC,7.79007693
CCCCCCCCCCCCNC(=O)C(CCCCCOC(=O)CCCCCCCCCC)NN1CCOCC1,8.89215404
CCCCCCCCCCCCCCNC(=O)C(CCCCCOC(=O)CCCCCCCCCC)NN1CCOCC1,8.11341223
CCCCCCCCCCCCCCCCNC(=O)C(CCCCCOC(=O)CCCCCCCCCC)NN1CCOCC1,6.7891369
CCCCCCCCCCCCCCCCCCNC(=O)C(CCCCCOC(=O)CCCCCCCCCC)NN1CCOCC1,6.69908783
CCCCCCCC/C=C\CCCCCCCCNC(=O)C(CCCCCOC(=O)CCCCCCCCCC)NN1CCOCC1,8.21997517
C#CCCCCCCCCC(=O)OCCCCCC(NN1CCOCC1)C(=O)NCCCCCCCCCCCC,6.76036281
C#CCCCCCCCCC(=O)OCCCCCC(NN1CCOCC1)C(=O)NCCCCCCCCCCCCCC,6.53632747
C#CCCCCCCCCC(=O)OCCCCCC(NN1CCOCC1)C(=O)NCCCCCCCCCCCCCCCC,4.29229325
C#CCCCCCCCCC(=O)OCCCCCC(NN1CCOCC1)C(=O)NCCCCCCCCCCCCCCCCCC,4.26918062
C#CCCCCCCCCC(=O)OCCCCCC(NN1CCOCC1)C(=O)NCCCCCCCC/C=C\CCCCCCCC,6.49918151
C=CCCCCCCCCC(=O)OCCCCCC(NN1CCOCC1)C(=O)NCCCCCCCCCCCC,7.37787516
C=CCCCCCCCCC(=O)OCCCCCC(NN1CCOCC1)C(=O)NCCCCCCCCCCCCCC,7.16067772
C=CCCCCCCCCC(=O)OCCCCCC(NN1CCOCC1)C(=O)NCCCCCCCCCCCCCCCC,5.02909741
C=CCCCCCCCCC(=O)OCCCCCC(NN1CCOCC1)C(=O)NCCCCCCCCCCCCCCCCCC,4.95403282
C=CCCCCCCCCC(=O)OCCCCCC(NN1CCOCC1)C(=O)NCCCCCCCC/C=C\CCCCCCCC,6.96337779
CCCCCCCCCCCCCCCC(=O)OCCCCCC(NN1CCOCC1)C(=O)NCCCCCCCCCCCC,7.35980403
CCCCCCCCCCCCCCCC(=O)OCCCCCC(NN1CCOCC1)C(=O)NCCCCCCCCCCCCCC,6.83270259
CCCCCCCCCCCCCCCCNC(=O)C(CCCCCOC(=O)CCCCCCCCCCCCCCC)NN1CCOCC1,5.33297265
CCCCCCCCCCCCCCCCCCNC(=O)C(CCCCCOC(=O)CCCCCCCCCCCCCCC)NN1CCOCC1,5.74936139
CCCCCCCC/C=C\CCCCCCCCNC(=O)C(CCCCCOC(=O)CCCCCCCCCCCCCCC)NN1CCOCC1,7.43601744
CCCCCCCCCCCCCCCCCC(=O)OCCCCCC(NN1CCOCC1)C(=O)NCCCCCCCCCCCC,6.875932
CCCCCCCCCCCCCCCCCC(=O)OCCCCCC(NN1CCOCC1)C(=O)NCCCCCCCCCCCCCC,7.31772844
CCCCCCCCCCCCCCCCCC(=O)OCCCCCC(NN1CCOCC1)C(=O)NCCCCCCCCCCCCCCCC,5.32950316
CCCCCCCCCCCCCCCCCCNC(=O)C(CCCCCOC(=O)CCCCCCCCCCCCCCCCC)NN1CCOCC1,5.47964329
CCCCCCCC/C=C\CCCCCCCCNC(=O)C(CCCCCOC(=O)CCCCCCCCCCCCCCCCC)NN1CCOCC1,7.92307983
CCCCCCCC/C=C\CCCCCCCC(=O)OCCCCCC(NN1CCOCC1)C(=O)NCCCCCCCCCCCC,0.94902939
CCCCCCCC/C=C\CCCCCCCC(=O)OCCCCCC(NN1CCOCC1)C(=O)NCCCCCCCCCCCCCC,0.99050661
CCCCCCCC/C=C\CCCCCCCC(=O)OCCCCCC(NN1CCOCC1)C(=O)NCCCCCCCCCCCCCCCC,-0.114241
CCCCCCCC/C=C\CCCCCCCC(=O)OCCCCCC(NN1CCOCC1)C(=O)NCCCCCCCCCCCCCCCCCC,0.42756697
CCCCCCCC/C=C\CCCCCCCCNC(=O)C(CCCCCOC(=O)CCCCCCC/C=C\CCCCCCCC)NN1CCOCC1,0.22239242
CCCCC/C=C\C/C=C\CCCCCCCC(=O)OCCCCCC(NN1CCOCC1)C(=O)NCCCCCCCCCCCC,6.57271397
CCCCC/C=C\C/C=C\CCCCCCCC(=O)OCCCCCC(NN1CCOCC1)C(=O)NCCCCCCCCCCCCCC,-0.8549531
CCCCC/C=C\C/C=C\CCCCCCCC(=O)OCCCCCC(NN1CCOCC1)C(=O)NCCCCCCCCCCCCCCCC,0.11191851
CCCCC/C=C\C/C=C\CCCCCCCC(=O)OCCCCCC(NN1CCOCC1)C(=O)NCCCCCCCCCCCCCCCCCC,0.98972506
CCCCC/C=C\C/C=C\CCCCCCCC(=O)OCCCCCC(NN1CCOCC1)C(=O)NCCCCCCCC/C=C\CCCCCCCC,1.11547722
CCCCCCCCCCCCNC(=O)C(CCCCCOC(=O)CCCCCCCC)NC1CCN(C)CC1,1.56825284
CCCCCCCCCCCCCCNC(=O)C(CCCCCOC(=O)CCCCCCCC)NC1CCN(C)CC1,1.70827303
CCCCCCCCCCCCCCCCNC(=O)C(CCCCCOC(=O)CCCCCCCC)NC1CCN(C)CC1,2.42636056
CCCCCCCCCCCCCCCCCCNC(=O)C(CCCCCOC(=O)CCCCCCCC)NC1CCN(C)CC1,2.30016475
CCCCCCCC/C=C\CCCCCCCCNC(=O)C(CCCCCOC(=O)CCCCCCCC)NC1CCN(C)CC1,2.89885328
CCCCCCCCCCCCNC(=O)C(CCCCCOC(=O)CCC(C)CCCCC)NC1CCN(C)CC1,7.46808926
CCCCCCCCCCCCCCNC(=O)C(CCCCCOC(=O)CCC(C)CCCCC)NC1CCN(C)CC1,2.3397355
CCCCCCCCCCCCCCCCNC(=O)C(CCCCCOC(=O)CCC(C)CCCCC)NC1CCN(C)CC1,4.43346858
CCCCCCCCCCCCCCCCCCNC(=O)C(CCCCCOC(=O)CCC(C)CCCCC)NC1CCN(C)CC1,4.18457831
CCCCCCCC/C=C\CCCCCCCCNC(=O)C(CCCCCOC(=O)CCC(C)CCCCC)NC1CCN(C)CC1,3.32192809
CCCCCCCCCCCCNC(=O)C(CCCCCOC(=O)CCCCCCCCC)NC1CCN(C)CC1,8.26075598
CCCCCCCCCCCCCCNC(=O)C(CCCCCOC(=O)CCCCCCCCC)NC1CCN(C)CC1,6.03911893
CCCCCCCCCCCCCCCCNC(=O)C(CCCCCOC(=O)CCCCCCCCC)NC1CCN(C)CC1,8.09916126
CCCCCCCCCCCCCCCCCCNC(=O)C(CCCCCOC(=O)CCCCCCCCC)NC1CCN(C)CC1,8.12073804
CCCCCCCC/C=C\CCCCCCCCNC(=O)C(CCCCCOC(=O)CCCCCCCCC)NC1CCN(C)CC1,7.99057675
CCCCCCC/C=C/C(=O)OCCCCCC(NC1CCN(C)CC1)C(=O)NCCCCCCCCCCCC,7.36758061
CCCCCCC/C=C/C(=O)OCCCCCC(NC1CCN(C)CC1)C(=O)NCCCCCCCCCCCCCC,5.38082833
CCCCCCC/C=C/C(=O)OCCCCCC(NC1CCN(C)CC1)C(=O)NCCCCCCCCCCCCCCCC,4.67246775
CCCCCCC/C=C/C(=O)OCCCCCC(NC1CCN(C)CC1)C(=O)NCCCCCCCCCCCCCCCCCC,4.83636053
CCCCCCC/C=C/C(=O)OCCCCCC(NC1CCN(C)CC1)C(=O)NCCCCCCCC/C=C\CCCCCCCC,7.49585503
CCCCCCC/C=C\C(=O)OCCCCCC(NC1CCN(C)CC1)C(=O)NCCCCCCCCCCCC,7.80903508
CCCCCCC/C=C\C(=O)OCCCCCC(NC1CCN(C)CC1)C(=O)NCCCCCCCCCCCCCC,6.39467778
CCCCCCC/C=C\C(=O)OCCCCCC(NC1CCN(C)CC1)C(=O)NCCCCCCCCCCCCCCCC,6.86323493
CCCCCCC/C=C\C(=O)OCCCCCC(NC1CCN(C)CC1)C(=O)NCCCCCCCCCCCCCCCCCC,6.94437742
CCCCCCC/C=C\C(=O)OCCCCCC(NC1CCN(C)CC1)C(=O)NCCCCCCCC/C=C\CCCCCCCC,7.55202861
CCCCCCCCCCCCNC(=O)C(CCCCCOC(=O)CCCCCCCCCC)NC1CCN(C)CC1,7.16355676
CCCCCCCCCCCCCCNC(=O)C(CCCCCOC(=O)CCCCCCCCCC)NC1CCN(C)CC1,5.58950877
CCCCCCCCCCCCCCCCNC(=O)C(CCCCCOC(=O)CCCCCCCCCC)NC1CCN(C)CC1,5.6796387
CCCCCCCCCCCCCCCCCCNC(=O)C(CCCCCOC(=O)CCCCCCCCCC)NC1CCN(C)CC1,5.58384491
CCCCCCCC/C=C\CCCCCCCCNC(=O)C(CCCCCOC(=O)CCCCCCCCCC)NC1CCN(C)CC1,8.02997735
C#CCCCCCCCCC(=O)OCCCCCC(NC1CCN(C)CC1)C(=O)NCCCCCCCCCCCC,6.68996505
C#CCCCCCCCCC(=O)OCCCCCC(NC1CCN(C)CC1)C(=O)NCCCCCCCCCCCCCC,5.076442
C#CCCCCCCCCC(=O)OCCCCCC(NC1CCN(C)CC1)C(=O)NCCCCCCCCCCCCCCCC,5.36939772
C#CCCCCCCCCC(=O)OCCCCCC(NC1CCN(C)CC1)C(=O)NCCCCCCCCCCCCCCCCCC,5.21260761
C#CCCCCCCCCC(=O)OCCCCCC(NC1CCN(C)CC1)C(=O)NCCCCCCCC/C=C\CCCCCCCC,7.23521646
C=CCCCCCCCCC(=O)OCCCCCC(NC1CCN(C)CC1)C(=O)NCCCCCCCCCCCC,6.98211218
C=CCCCCCCCCC(=O)OCCCCCC(NC1CCN(C)CC1)C(=O)NCCCCCCCCCCCCCC,6.0117796
C=CCCCCCCCCC(=O)OCCCCCC(NC1CCN(C)CC1)C(=O)NCCCCCCCCCCCCCCCC,5.92029683
C=CCCCCCCCCC(=O)OCCCCCC(NC1CCN(C)CC1)C(=O)NCCCCCCCCCCCCCCCCCC,5.96691356
C=CCCCCCCCCC(=O)OCCCCCC(NC1CCN(C)CC1)C(=O)NCCCCCCCC/C=C\CCCCCCCC,6.56922271
CCCCCCCCCCCCCCCC(=O)OCCCCCC(NC1CCN(C)CC1)C(=O)NCCCCCCCCCCCC,6.82459757
CCCCCCCCCCCCCCCC(=O)OCCCCCC(NC1CCN(C)CC1)C(=O)NCCCCCCCCCCCCCC,5.53978361
CCCCCCCCCCCCCCCCNC(=O)C(CCCCCOC(=O)CCCCCCCCCCCCCCC)NC1CCN(C)CC1,5.87297864
CCCCCCCCCCCCCCCCCCNC(=O)C(CCCCCOC(=O)CCCCCCCCCCCCCCC)NC1CCN(C)CC1,5.68757593
CCCCCCCC/C=C\CCCCCCCCNC(=O)C(CCCCCOC(=O)CCCCCCCCCCCCCCC)NC1CCN(C)CC1,7.23202112
CCCCCCCCCCCCCCCCCC(=O)OCCCCCC(NC1CCN(C)CC1)C(=O)NCCCCCCCCCCCC,5.54630241
CCCCCCCCCCCCCCCCCC(=O)OCCCCCC(NC1CCN(C)CC1)C(=O)NCCCCCCCCCCCCCC,3.6081237
CCCCCCCCCCCCCCCCCC(=O)OCCCCCC(NC1CCN(C)CC1)C(=O)NCCCCCCCCCCCCCCCC,5.6088334
CCCCCCCCCCCCCCCCCCNC(=O)C(CCCCCOC(=O)CCCCCCCCCCCCCCCCC)NC1CCN(C)CC1,5.70448516
CCCCCCCC/C=C\CCCCCCCCNC(=O)C(CCCCCOC(=O)CCCCCCCCCCCCCCCCC)NC1CCN(C)CC1,6.16323035
CCCCCCCC/C=C\CCCCCCCC(=O)OCCCCCC(NC1CCN(C)CC1)C(=O)NCCCCCCCCCCCC,0.2528354
CCCCCCCC/C=C\CCCCCCCC(=O)OCCCCCC(NC1CCN(C)CC1)C(=O)NCCCCCCCCCCCCCC,0.47993415
CCCCCCCC/C=C\CCCCCCCC(=O)OCCCCCC(NC1CCN(C)CC1)C(=O)NCCCCCCCCCCCCCCCC,0.22954797
CCCCCCCC/C=C\CCCCCCCC(=O)OCCCCCC(NC1CCN(C)CC1)C(=O)NCCCCCCCCCCCCCCCCCC,-0.4761701
CCCCCCCC/C=C\CCCCCCCCNC(=O)C(CCCCCOC(=O)CCCCCCC/C=C\CCCCCCCC)NC1CCN(C)CC1,0.05889369
CCCCC/C=C\C/C=C\CCCCCCCC(=O)OCCCCCC(NC1CCN(C)CC1)C(=O)NCCCCCCCCCCCC,0.20311912
CCCCC/C=C\C/C=C\CCCCCCCC(=O)OCCCCCC(NC1CCN(C)CC1)C(=O)NCCCCCCCCCCCCCC,0.91411089
CCCCC/C=C\C/C=C\CCCCCCCC(=O)OCCCCCC(NC1CCN(C)CC1)C(=O)NCCCCCCCCCCCCCCCC,0.8866726
CCCCC/C=C\C/C=C\CCCCCCCC(=O)OCCCCCC(NC1CCN(C)CC1)C(=O)NCCCCCCCCCCCCCCCCCC,0.14745541
CCCCC/C=C\C/C=C\CCCCCCCC(=O)OCCCCCC(NC1CCN(C)CC1)C(=O)NCCCCCCCC/C=C\CCCCCCCC,2.04439412
CCCCCCCCCCCCNC(=O)C(CCCCCOC(=O)CCCCCCCC)NN1CCCCC1,2.0694669
CCCCCCCCCCCCCCNC(=O)C(CCCCCOC(=O)CCCCCCCC)NN1CCCCC1,4.53133008
CCCCCCCCCCCCCCCCNC(=O)C(CCCCCOC(=O)CCCCCCCC)NN1CCCCC1,5.39154394
CCCCCCCCCCCCCCCCCCNC(=O)C(CCCCCOC(=O)CCCCCCCC)NN1CCCCC1,5.1020067
CCCCCCCC/C=C\CCCCCCCCNC(=O)C(CCCCCOC(=O)CCCCCCCC)NN1CCCCC1,5.78135971
CCCCCCCCCCCCNC(=O)C(CCCCCOC(=O)CCC(C)CCCCC)NN1CCCCC1,1.82143868
CCCCCCCCCCCCCCNC(=O)C(CCCCCOC(=O)CCC(C)CCCCC)NN1CCCCC1,2.85821638
CCCCCCCCCCCCCCCCNC(=O)C(CCCCCOC(=O)CCC(C)CCCCC)NN1CCCCC1,4.83751352
CCCCCCCCCCCCCCCCCCNC(=O)C(CCCCCOC(=O)CCC(C)CCCCC)NN1CCCCC1,4.78814983
CCCCCCCC/C=C\CCCCCCCCNC(=O)C(CCCCCOC(=O)CCC(C)CCCCC)NN1CCCCC1,4.27922364
CCCCCCCCCCCCNC(=O)C(CCCCCOC(=O)CCCCCCCCC)NN1CCCCC1,8.57200956
CCCCCCCCCCCCCCNC(=O)C(CCCCCOC(=O)CCCCCCCCC)NN1CCCCC1,6.23750334
CCCCCCCCCCCCCCCCNC(=O)C(CCCCCOC(=O)CCCCCCCCC)NN1CCCCC1,8.14987716
CCCCCCCCCCCCCCCCCCNC(=O)C(CCCCCOC(=O)CCCCCCCCC)NN1CCCCC1,8.17219747
CCCCCCCC/C=C\CCCCCCCCNC(=O)C(CCCCCOC(=O)CCCCCCCCC)NN1CCCCC1,7.52812848
CCCCCCC/C=C/C(=O)OCCCCCC(NN1CCCCC1)C(=O)NCCCCCCCCCCCC,7.57764284
CCCCCCC/C=C/C(=O)OCCCCCC(NN1CCCCC1)C(=O)NCCCCCCCCCCCCCC,5.33098644
CCCCCCC/C=C/C(=O)OCCCCCC(NN1CCCCC1)C(=O)NCCCCCCCCCCCCCCCC,5.64996478
CCCCCCC/C=C/C(=O)OCCCCCC(NN1CCCCC1)C(=O)NCCCCCCCCCCCCCCCCCC,5.59066681
CCCCCCC/C=C/C(=O)OCCCCCC(NN1CCCCC1)C(=O)NCCCCCCCC/C=C\CCCCCCCC,6.47235238
CCCCCCC/C=C\C(=O)OCCCCCC(NN1CCCCC1)C(=O)NCCCCCCCCCCCC,7.8815543
CCCCCCC/C=C\C(=O)OCCCCCC(NN1CCCCC1)C(=O)NCCCCCCCCCCCCCC,6.99867082
CCCCCCC/C=C\C(=O)OCCCCCC(NN1CCCCC1)C(=O)NCCCCCCCCCCCCCCCC,6.51346776
CCCCCCC/C=C\C(=O)OCCCCCC(NN1CCCCC1)C(=O)NCCCCCCCCCCCCCCCCCC,6.446527
CCCCCCC/C=C\C(=O)OCCCCCC(NN1CCCCC1)C(=O)NCCCCCCCC/C=C\CCCCCCCC,7.78844646
CCCCCCCCCCCCNC(=O)C(CCCCCOC(=O)CCCCCCCCCC)NN1CCCCC1,6.7936871
CCCCCCCCCCCCCCNC(=O)C(CCCCCOC(=O)CCCCCCCCCC)NN1CCCCC1,8.11739465
CCCCCCCCCCCCCCCCNC(=O)C(CCCCCOC(=O)CCCCCCCCCC)NN1CCCCC1,7.51528214
CCCCCCCCCCCCCCCCCCNC(=O)C(CCCCCOC(=O)CCCCCCCCCC)NN1CCCCC1,7.38994297
CCCCCCCC/C=C\CCCCCCCCNC(=O)C(CCCCCOC(=O)CCCCCCCCCC)NN1CCCCC1,8.27534855
C#CCCCCCCCCC(=O)OCCCCCC(NN1CCCCC1)C(=O)NCCCCCCCCCCCC,6.60456164
C#CCCCCCCCCC(=O)OCCCCCC(NN1CCCCC1)C(=O)NCCCCCCCCCCCCCC,6.53584857
C#CCCCCCCCCC(=O)OCCCCCC(NN1CCCCC1)C(=O)NCCCCCCCCCCCCCCCC,3.94856083
C#CCCCCCCCCC(=O)OCCCCCC(NN1CCCCC1)C(=O)NCCCCCCCCCCCCCCCCCC,3.9567655
C#CCCCCCCCCC(=O)OCCCCCC(NN1CCCCC1)C(=O)NCCCCCCCC/C=C\CCCCCCCC,6.8631538
C=CCCCCCCCCC(=O)OCCCCCC(NN1CCCCC1)C(=O)NCCCCCCCCCCCC,6.79939331
C=CCCCCCCCCC(=O)OCCCCCC(NN1CCCCC1)C(=O)NCCCCCCCCCCCCCC,6.13849261
C=CCCCCCCCCC(=O)OCCCCCC(NN1CCCCC1)C(=O)NCCCCCCCCCCCCCCCC,6.01854267
C=CCCCCCCCCC(=O)OCCCCCC(NN1CCCCC1)C(=O)NCCCCCCCCCCCCCCCCCC,5.75992626
C=CCCCCCCCCC(=O)OCCCCCC(NN1CCCCC1)C(=O)NCCCCCCCC/C=C\CCCCCCCC,6.22319727
CCCCCCCCCCCCCCCC(=O)OCCCCCC(NN1CCCCC1)C(=O)NCCCCCCCCCCCC,7.64814475
CCCCCCCCCCCCCCCC(=O)OCCCCCC(NN1CCCCC1)C(=O)NCCCCCCCCCCCCCC,7.24070732
CCCCCCCCCCCCCCCCNC(=O)C(CCCCCOC(=O)CCCCCCCCCCCCCCC)NN1CCCCC1,5.82620868
CCCCCCCCCCCCCCCCCCNC(=O)C(CCCCCOC(=O)CCCCCCCCCCCCCCC)NN1CCCCC1,5.84781427
CCCCCCCC/C=C\CCCCCCCCNC(=O)C(CCCCCOC(=O)CCCCCCCCCCCCCCC)NN1CCCCC1,7.36777875
CCCCCCCCCCCCCCCCCC(=O)OCCCCCC(NN1CCCCC1)C(=O)NCCCCCCCCCCCC,6.65945844
CCCCCCCCCCCCCCCCCC(=O)OCCCCCC(NN1CCCCC1)C(=O)NCCCCCCCCCCCCCC,4.50647948
CCCCCCCCCCCCCCCCCC(=O)OCCCCCC(NN1CCCCC1)C(=O)NCCCCCCCCCCCCCCCC,6.23320021
CCCCCCCCCCCCCCCCCCNC(=O)C(CCCCCOC(=O)CCCCCCCCCCCCCCCCC)NN1CCCCC1,6.42870345
CCCCCCCC/C=C\CCCCCCCCNC(=O)C(CCCCCOC(=O)CCCCCCCCCCCCCCCCC)NN1CCCCC1,7.22400167
CCCCCCCC/C=C\CCCCCCCC(=O)OCCCCCC(NN1CCCCC1)C(=O)NCCCCCCCCCCCC,3.55296972
CCCCCCCC/C=C\CCCCCCCC(=O)OCCCCCC(NN1CCCCC1)C(=O)NCCCCCCCCCCCCCC,1.26463137
CCCCCCCC/C=C\CCCCCCCC(=O)OCCCCCC(NN1CCCCC1)C(=O)NCCCCCCCCCCCCCCCC,0.9589461
CCCCCCCC/C=C\CCCCCCCC(=O)OCCCCCC(NN1CCCCC1)C(=O)NCCCCCCCCCCCCCCCCCC,0.30481545
CCCCCCCC/C=C\CCCCCCCCNC(=O)C(CCCCCOC(=O)CCCCCCC/C=C\CCCCCCCC)NN1CCCCC1,1.27301849
CCCCC/C=C\C/C=C\CCCCCCCC(=O)OCCCCCC(NN1CCCCC1)C(=O)NCCCCCCCCCCCC,0.95482789
CCCCC/C=C\C/C=C\CCCCCCCC(=O)OCCCCCC(NN1CCCCC1)C(=O)NCCCCCCCCCCCCCC,1.67359602
CCCCC/C=C\C/C=C\CCCCCCCC(=O)OCCCCCC(NN1CCCCC1)C(=O)NCCCCCCCCCCCCCCCC,0.78542741
CCCCC/C=C\C/C=C\CCCCCCCC(=O)OCCCCCC(NN1CCCCC1)C(=O)NCCCCCCCCCCCCCCCCCC,1.22956544
CCCCC/C=C\C/C=C\CCCCCCCC(=O)OCCCCCC(NN1CCCCC1)C(=O)NCCCCCCCC/C=C\CCCCCCCC,1.19639721
CCCCCCCCCCCCNC(=O)C(CCCCCOC(=O)CCCCCCCC)Nc1cn[nH]c1,9.42489099
CCCCCCCCCCCCCCNC(=O)C(CCCCCOC(=O)CCCCCCCC)Nc1cn[nH]c1,13.9210429
CCCCCCCCCCCCCCCCNC(=O)C(CCCCCOC(=O)CCCCCCCC)Nc1cn[nH]c1,15.3270591
CCCCCCCCCCCCCCCCCCNC(=O)C(CCCCCOC(=O)CCCCCCCC)Nc1cn[nH]c1,15.0610049
CCCCCCCC/C=C\CCCCCCCCNC(=O)C(CCCCCOC(=O)CCCCCCCC)Nc1cn[nH]c1,15.9596558
CCCCCCCCCCCCNC(=O)C(CCCCCOC(=O)CCC(C)CCCCC)Nc1cn[nH]c1,3.92540395
CCCCCCCCCCCCCCNC(=O)C(CCCCCOC(=O)CCC(C)CCCCC)Nc1cn[nH]c1,3.97296953
CCCCCCCCCCCCCCCCNC(=O)C(CCCCCOC(=O)CCC(C)CCCCC)Nc1cn[nH]c1,5.88023844
CCCCCCCCCCCCCCCCCCNC(=O)C(CCCCCOC(=O)CCC(C)CCCCC)Nc1cn[nH]c1,5.72213679
CCCCCCCC/C=C\CCCCCCCCNC(=O)C(CCCCCOC(=O)CCC(C)CCCCC)Nc1cn[nH]c1,6.75988818
CCCCCCCCCCCCNC(=O)C(CCCCCOC(=O)CCCCCCCCC)Nc1cn[nH]c1,8.08263968
CCCCCCCCCCCCCCNC(=O)C(CCCCCOC(=O)CCCCCCCCC)Nc1cn[nH]c1,6.63064355
CCCCCCCCCCCCCCCCNC(=O)C(CCCCCOC(=O)CCCCCCCCC)Nc1cn[nH]c1,6.96326053
CCCCCCCCCCCCCCCCCCNC(=O)C(CCCCCOC(=O)CCCCCCCCC)Nc1cn[nH]c1,7.04608708
CCCCCCCC/C=C\CCCCCCCCNC(=O)C(CCCCCOC(=O)CCCCCCCCC)Nc1cn[nH]c1,7.12153352
CCCCCCC/C=C/C(=O)OCCCCCC(Nc1cn[nH]c1)C(=O)NCCCCCCCCCCCC,7.66106953
CCCCCCC/C=C/C(=O)OCCCCCC(Nc1cn[nH]c1)C(=O)NCCCCCCCCCCCCCC,7.24937534
CCCCCCC/C=C/C(=O)OCCCCCC(Nc1cn[nH]c1)C(=O)NCCCCCCCCCCCCCCCC,5.98563949
CCCCCCC/C=C/C(=O)OCCCCCC(Nc1cn[nH]c1)C(=O)NCCCCCCCCCCCCCCCCCC,6.10108416
CCCCCCC/C=C/C(=O)OCCCCCC(Nc1cn[nH]c1)C(=O)NCCCCCCCC/C=C\CCCCCCCC,6.30833903
CCCCCCC/C=C\C(=O)OCCCCCC(Nc1cn[nH]c1)C(=O)NCCCCCCCCCCCC,7.6459001
CCCCCCC/C=C\C(=O)OCCCCCC(Nc1cn[nH]c1)C(=O)NCCCCCCCCCCCCCC,6.66769814
CCCCCCC/C=C\C(=O)OCCCCCC(Nc1cn[nH]c1)C(=O)NCCCCCCCCCCCCCCCC,6.18478892
CCCCCCC/C=C\C(=O)OCCCCCC(Nc1cn[nH]c1)C(=O)NCCCCCCCCCCCCCCCCCC,6.22200898
CCCCCCC/C=C\C(=O)OCCCCCC(Nc1cn[nH]c1)C(=O)NCCCCCCCC/C=C\CCCCCCCC,7.16029164
CCCCCCCCCCCCNC(=O)C(CCCCCOC(=O)CCCCCCCCCC)Nc1cn[nH]c1,8.20418367
CCCCCCCCCCCCCCNC(=O)C(CCCCCOC(=O)CCCCCCCCCC)Nc1cn[nH]c1,7.50499786
CCCCCCCCCCCCCCCCNC(=O)C(CCCCCOC(=O)CCCCCCCCCC)Nc1cn[nH]c1,7.14331875
CCCCCCCCCCCCCCCCCCNC(=O)C(CCCCCOC(=O)CCCCCCCCCC)Nc1cn[nH]c1,7.1048907
CCCCCCCC/C=C\CCCCCCCCNC(=O)C(CCCCCOC(=O)CCCCCCCCCC)Nc1cn[nH]c1,7.97799537
C#CCCCCCCCCC(=O)OCCCCCC(Nc1cn[nH]c1)C(=O)NCCCCCCCCCCCC,6.81298015
C#CCCCCCCCCC(=O)OCCCCCC(Nc1cn[nH]c1)C(=O)NCCCCCCCCCCCCCC,5.81578682
C#CCCCCCCCCC(=O)OCCCCCC(Nc1cn[nH]c1)C(=O)NCCCCCCCCCCCCCCCC,4.29185061
C#CCCCCCCCCC(=O)OCCCCCC(Nc1cn[nH]c1)C(=O)NCCCCCCCCCCCCCCCCCC,4.44843227
C#CCCCCCCCCC(=O)OCCCCCC(Nc1cn[nH]c1)C(=O)NCCCCCCCC/C=C\CCCCCCCC,5.94641896
C=CCCCCCCCCC(=O)OCCCCCC(Nc1cn[nH]c1)C(=O)NCCCCCCCCCCCC,6.78960278
C=CCCCCCCCCC(=O)OCCCCCC(Nc1cn[nH]c1)C(=O)NCCCCCCCCCCCCCC,5.51524149
C=CCCCCCCCCC(=O)OCCCCCC(Nc1cn[nH]c1)C(=O)NCCCCCCCCCCCCCCCC,5.38895403
C=CCCCCCCCCC(=O)OCCCCCC(Nc1cn[nH]c1)C(=O)NCCCCCCCCCCCCCCCCCC,5.19155721
C=CCCCCCCCCC(=O)OCCCCCC(Nc1cn[nH]c1)C(=O)NCCCCCCCC/C=C\CCCCCCCC,6.99764995
CCCCCCCCCCCCCCCC(=O)OCCCCCC(Nc1cn[nH]c1)C(=O)NCCCCCCCCCCCC,7.51514488
CCCCCCCCCCCCCCCC(=O)OCCCCCC(Nc1cn[nH]c1)C(=O)NCCCCCCCCCCCCCC,5.53365334
CCCCCCCCCCCCCCCCNC(=O)C(CCCCCOC(=O)CCCCCCCCCCCCCCC)Nc1cn[nH]c1,5.60355949
CCCCCCCCCCCCCCCCCCNC(=O)C(CCCCCOC(=O)CCCCCCCCCCCCCCC)Nc1cn[nH]c1,5.63058329
CCCCCCCC/C=C\CCCCCCCCNC(=O)C(CCCCCOC(=O)CCCCCCCCCCCCCCC)Nc1cn[nH]c1,6.23361968
CCCCCCCCCCCCCCCCCC(=O)OCCCCCC(Nc1cn[nH]c1)C(=O)NCCCCCCCCCCCC,7.39780515
CCCCCCCCCCCCCCCCCC(=O)OCCCCCC(Nc1cn[nH]c1)C(=O)NCCCCCCCCCCCCCC,5.35942219
CCCCCCCCCCCCCCCCCC(=O)OCCCCCC(Nc1cn[nH]c1)C(=O)NCCCCCCCCCCCCCCCC,6.69302018
CCCCCCCCCCCCCCCCCCNC(=O)C(CCCCCOC(=O)CCCCCCCCCCCCCCCCC)Nc1cn[nH]c1,6.68515015
CCCCCCCC/C=C\CCCCCCCCNC(=O)C(CCCCCOC(=O)CCCCCCCCCCCCCCCCC)Nc1cn[nH]c1,7.4314976
CCCCCCCC/C=C\CCCCCCCC(=O)OCCCCCC(Nc1cn[nH]c1)C(=O)NCCCCCCCCCCCC,9.24884033
CCCCCCCC/C=C\CCCCCCCC(=O)OCCCCCC(Nc1cn[nH]c1)C(=O)NCCCCCCCCCCCCCC,11.0568784
CCCCCCCC/C=C\CCCCCCCC(=O)OCCCCCC(Nc1cn[nH]c1)C(=O)NCCCCCCCCCCCCCCCC,9.74167141
CCCCCCCC/C=C\CCCCCCCC(=O)OCCCCCC(Nc1cn[nH]c1)C(=O)NCCCCCCCCCCCCCCCCCC,9.78769213
CCCCCCCC/C=C\CCCCCCCCNC(=O)C(CCCCCOC(=O)CCCCCCC/C=C\CCCCCCCC)Nc1cn[nH]c1,10.5502658
CCCCC/C=C\C/C=C\CCCCCCCC(=O)OCCCCCC(Nc1cn[nH]c1)C(=O)NCCCCCCCCCCCC,1.6066294
CCCCC/C=C\C/C=C\CCCCCCCC(=O)OCCCCCC(Nc1cn[nH]c1)C(=O)NCCCCCCCCCCCCCC,0.45718066
CCCCC/C=C\C/C=C\CCCCCCCC(=O)OCCCCCC(Nc1cn[nH]c1)C(=O)NCCCCCCCCCCCCCCCC,3.59566526
CCCCC/C=C\C/C=C\CCCCCCCC(=O)OCCCCCC(Nc1cn[nH]c1)C(=O)NCCCCCCCCCCCCCCCCCC,1.13470586
CCCCC/C=C\C/C=C\CCCCCCCC(=O)OCCCCCC(Nc1cn[nH]c1)C(=O)NCCCCCCCC/C=C\CCCCCCCC,3.35319481
CCCCCCCCCCCCNC(=O)C(CCCCCOC(=O)CCCCCCCC)NCCN1CCCCC1,2.14870679
CCCCCCCCCCCCCCNC(=O)C(CCCCCOC(=O)CCCCCCCC)NCCN1CCCCC1,5.95049342
CCCCCCCCCCCCCCCCNC(=O)C(CCCCCOC(=O)CCCCCCCC)NCCN1CCCCC1,5.80001724
CCCCCCCCCCCCCCCCCCNC(=O)C(CCCCCOC(=O)CCCCCCCC)NCCN1CCCCC1,5.66316775
CCCCCCCC/C=C\CCCCCCCCNC(=O)C(CCCCCOC(=O)CCCCCCCC)NCCN1CCCCC1,6.42626475
CCCCCCCCCCCCNC(=O)C(CCCCCOC(=O)CCC(C)CCCCC)NCCN1CCCCC1,8.26773575
CCCCCCCCCCCCCCNC(=O)C(CCCCCOC(=O)CCC(C)CCCCC)NCCN1CCCCC1,12.7632924
CCCCCCCCCCCCCCCCNC(=O)C(CCCCCOC(=O)CCC(C)CCCCC)NCCN1CCCCC1,12.1374104
CCCCCCCCCCCCCCCCCCNC(=O)C(CCCCCOC(=O)CCC(C)CCCCC)NCCN1CCCCC1,12.0454907
CCCCCCCC/C=C\CCCCCCCCNC(=O)C(CCCCCOC(=O)CCC(C)CCCCC)NCCN1CCCCC1,12.9687268
CCCCCCCCCCCCNC(=O)C(CCCCCOC(=O)CCCCCCCCC)NCCN1CCCCC1,8.86766057
CCCCCCCCCCCCCCNC(=O)C(CCCCCOC(=O)CCCCCCCCC)NCCN1CCCCC1,8.6449443
CCCCCCCCCCCCCCCCNC(=O)C(CCCCCOC(=O)CCCCCCCCC)NCCN1CCCCC1,8.13982192
CCCCCCCCCCCCCCCCCCNC(=O)C(CCCCCOC(=O)CCCCCCCCC)NCCN1CCCCC1,8.25851695
CCCCCCCC/C=C\CCCCCCCCNC(=O)C(CCCCCOC(=O)CCCCCCCCC)NCCN1CCCCC1,8.49652094
CCCCCCC/C=C/C(=O)OCCCCCC(NCCN1CCCCC1)C(=O)NCCCCCCCCCCCC,7.22508059
CCCCCCC/C=C/C(=O)OCCCCCC(NCCN1CCCCC1)C(=O)NCCCCCCCCCCCCCC,8.60115567
CCCCCCC/C=C/C(=O)OCCCCCC(NCCN1CCCCC1)C(=O)NCCCCCCCCCCCCCCCC,6.50096905
CCCCCCC/C=C/C(=O)OCCCCCC(NCCN1CCCCC1)C(=O)NCCCCCCCCCCCCCCCCCC,6.52097435
CCCCCCC/C=C/C(=O)OCCCCCC(NCCN1CCCCC1)C(=O)NCCCCCCCC/C=C\CCCCCCCC,7.28925043
CCCCCCC/C=C\C(=O)OCCCCCC(NCCN1CCCCC1)C(=O)NCCCCCCCCCCCC,8.74521129
CCCCCCC/C=C\C(=O)OCCCCCC(NCCN1CCCCC1)C(=O)NCCCCCCCCCCCCCC,8.01638941
CCCCCCC/C=C\C(=O)OCCCCCC(NCCN1CCCCC1)C(=O)NCCCCCCCCCCCCCCCC,7.76264912
CCCCCCC/C=C\C(=O)OCCCCCC(NCCN1CCCCC1)C(=O)NCCCCCCCCCCCCCCCCCC,7.74831994
CCCCCCC/C=C\C(=O)OCCCCCC(NCCN1CCCCC1)C(=O)NCCCCCCCC/C=C\CCCCCCCC,8.62388149
CCCCCCCCCCCCNC(=O)C(CCCCCOC(=O)CCCCCCCCCC)NCCN1CCCCC1,7.64569236
CCCCCCCCCCCCCCNC(=O)C(CCCCCOC(=O)CCCCCCCCCC)NCCN1CCCCC1,8.58965808
CCCCCCCCCCCCCCCCNC(=O)C(CCCCCOC(=O)CCCCCCCCCC)NCCN1CCCCC1,7.52217172
CCCCCCCCCCCCCCCCCCNC(=O)C(CCCCCOC(=O)CCCCCCCCCC)NCCN1CCCCC1,7.67463228
CCCCCCCC/C=C\CCCCCCCCNC(=O)C(CCCCCOC(=O)CCCCCCCCCC)NCCN1CCCCC1,8.74679421
C#CCCCCCCCCC(=O)OCCCCCC(NCCN1CCCCC1)C(=O)NCCCCCCCCCCCC,6.17189194
C#CCCCCCCCCC(=O)OCCCCCC(NCCN1CCCCC1)C(=O)NCCCCCCCCCCCCCC,6.28281703
C#CCCCCCCCCC(=O)OCCCCCC(NCCN1CCCCC1)C(=O)NCCCCCCCCCCCCCCCC,5.24868614
C#CCCCCCCCCC(=O)OCCCCCC(NCCN1CCCCC1)C(=O)NCCCCCCCCCCCCCCCCCC,5.33738076
C#CCCCCCCCCC(=O)OCCCCCC(NCCN1CCCCC1)C(=O)NCCCCCCCC/C=C\CCCCCCCC,7.13570929
C=CCCCCCCCCC(=O)OCCCCCC(NCCN1CCCCC1)C(=O)NCCCCCCCCCCCC,7.3639938
C=CCCCCCCCCC(=O)OCCCCCC(NCCN1CCCCC1)C(=O)NCCCCCCCCCCCCCC,6.9561875
C=CCCCCCCCCC(=O)OCCCCCC(NCCN1CCCCC1)C(=O)NCCCCCCCCCCCCCCCC,4.06654117
C=CCCCCCCCCC(=O)OCCCCCC(NCCN1CCCCC1)C(=O)NCCCCCCCCCCCCCCCCCC,4.36121212
C=CCCCCCCCCC(=O)OCCCCCC(NCCN1CCCCC1)C(=O)NCCCCCCCC/C=C\CCCCCCCC,8.08834657
CCCCCCCCCCCCCCCC(=O)OCCCCCC(NCCN1CCCCC1)C(=O)NCCCCCCCCCCCC,8.31785899
CCCCCCCCCCCCCCCC(=O)OCCCCCC(NCCN1CCCCC1)C(=O)NCCCCCCCCCCCCCC,7.60814231
CCCCCCCCCCCCCCCCNC(=O)C(CCCCCOC(=O)CCCCCCCCCCCCCCC)NCCN1CCCCC1,6.58906319
CCCCCCCCCCCCCCCCCCNC(=O)C(CCCCCOC(=O)CCCCCCCCCCCCCCC)NCCN1CCCCC1,6.77275549
CCCCCCCC/C=C\CCCCCCCCNC(=O)C(CCCCCOC(=O)CCCCCCCCCCCCCCC)NCCN1CCCCC1,7.07948478
CCCCCCCCCCCCCCCCCC(=O)OCCCCCC(NCCN1CCCCC1)C(=O)NCCCCCCCCCCCC,8.06570391
CCCCCCCCCCCCCCCCCC(=O)OCCCCCC(NCCN1CCCCC1)C(=O)NCCCCCCCCCCCCCC,8.13433797
CCCCCCCCCCCCCCCCCC(=O)OCCCCCC(NCCN1CCCCC1)C(=O)NCCCCCCCCCCCCCCCC,6.7552222
CCCCCCCCCCCCCCCCCCNC(=O)C(CCCCCOC(=O)CCCCCCCCCCCCCCCCC)NCCN1CCCCC1,6.88395643
CCCCCCCC/C=C\CCCCCCCCNC(=O)C(CCCCCOC(=O)CCCCCCCCCCCCCCCCC)NCCN1CCCCC1,8.40638219
CCCCCCCC/C=C\CCCCCCCC(=O)OCCCCCC(NCCN1CCCCC1)C(=O)NCCCCCCCCCCCC,6.25183937
CCCCCCCC/C=C\CCCCCCCC(=O)OCCCCCC(NCCN1CCCCC1)C(=O)NCCCCCCCCCCCCCC,1.06639114
CCCCCCCC/C=C\CCCCCCCC(=O)OCCCCCC(NCCN1CCCCC1)C(=O)NCCCCCCCCCCCCCCCC,2.26838866
CCCCCCCC/C=C\CCCCCCCC(=O)OCCCCCC(NCCN1CCCCC1)C(=O)NCCCCCCCCCCCCCCCCCC,2.45918256
CCCCCCCC/C=C\CCCCCCCCNC(=O)C(CCCCCOC(=O)CCCCCCC/C=C\CCCCCCCC)NCCN1CCCCC1,1.89077093
CCCCC/C=C\C/C=C\CCCCCCCC(=O)OCCCCCC(NCCN1CCCCC1)C(=O)NCCCCCCCCCCCC,0.87041463
CCCCC/C=C\C/C=C\CCCCCCCC(=O)OCCCCCC(NCCN1CCCCC1)C(=O)NCCCCCCCCCCCCCC,-0.1783428
CCCCC/C=C\C/C=C\CCCCCCCC(=O)OCCCCCC(NCCN1CCCCC1)C(=O)NCCCCCCCCCCCCCCCC,1.30059186
CCCCC/C=C\C/C=C\CCCCCCCC(=O)OCCCCCC(NCCN1CCCCC1)C(=O)NCCCCCCCCCCCCCCCCCC,2.77530215
CCCCC/C=C\C/C=C\CCCCCCCC(=O)OCCCCCC(NCCN1CCCCC1)C(=O)NCCCCCCCC/C=C\CCCCCCCC,-0.2421803
CCCCCCCCCCCCNC(=O)C(CCCCCOC(=O)CCCCCCCC)NCCN(C(C)C)C(C)C,1.35798197
CCCCCCCCCCCCCCNC(=O)C(CCCCCOC(=O)CCCCCCCC)NCCN(C(C)C)C(C)C,2.02528471
CCCCCCCCCCCCCCCCNC(=O)C(CCCCCOC(=O)CCCCCCCC)NCCN(C(C)C)C(C)C,3.74423475
CCCCCCCCCCCCCCCCCCNC(=O)C(CCCCCOC(=O)CCCCCCCC)NCCN(C(C)C)C(C)C,2.87095345
CCCCCCCC/C=C\CCCCCCCCNC(=O)C(CCCCCOC(=O)CCCCCCCC)NCCN(C(C)C)C(C)C,3.32792684
CCCCCCCCCCCCNC(=O)C(CCCCCOC(=O)CCC(C)CCCCC)NCCN(C(C)C)C(C)C,6.9793738
CCCCCCCCCCCCCCNC(=O)C(CCCCCOC(=O)CCC(C)CCCCC)NCCN(C(C)C)C(C)C,10.605089
CCCCCCCCCCCCCCCCNC(=O)C(CCCCCOC(=O)CCC(C)CCCCC)NCCN(C(C)C)C(C)C,8.00939065
CCCCCCCCCCCCCCCCCCNC(=O)C(CCCCCOC(=O)CCC(C)CCCCC)NCCN(C(C)C)C(C)C,7.83380045
CCCCCCCC/C=C\CCCCCCCCNC(=O)C(CCCCCOC(=O)CCC(C)CCCCC)NCCN(C(C)C)C(C)C,9.23920071
CCCCCCCCCCCCNC(=O)C(CCCCCOC(=O)CCCCCCCCC)NCCN(C(C)C)C(C)C,7.78036263
CCCCCCCCCCCCCCNC(=O)C(CCCCCOC(=O)CCCCCCCCC)NCCN(C(C)C)C(C)C,8.15744935
CCCCCCCCCCCCCCCCNC(=O)C(CCCCCOC(=O)CCCCCCCCC)NCCN(C(C)C)C(C)C,6.75837871
CCCCCCCCCCCCCCCCCCNC(=O)C(CCCCCOC(=O)CCCCCCCCC)NCCN(C(C)C)C(C)C,6.6204692
CCCCCCCC/C=C\CCCCCCCCNC(=O)C(CCCCCOC(=O)CCCCCCCCC)NCCN(C(C)C)C(C)C,8.63465982
CCCCCCC/C=C/C(=O)OCCCCCC(NCCN(C(C)C)C(C)C)C(=O)NCCCCCCCCCCCC,6.9753903
CCCCCCC/C=C/C(=O)OCCCCCC(NCCN(C(C)C)C(C)C)C(=O)NCCCCCCCCCCCCCC,7.89040216
CCCCCCC/C=C/C(=O)OCCCCCC(NCCN(C(C)C)C(C)C)C(=O)NCCCCCCCCCCCCCCCC,5.08157923
CCCCCCC/C=C/C(=O)OCCCCCC(NCCN(C(C)C)C(C)C)C(=O)NCCCCCCCCCCCCCCCCCC,4.87631468
CCCCCCC/C=C/C(=O)OCCCCCC(NCCN(C(C)C)C(C)C)C(=O)NCCCCCCCC/C=C\CCCCCCCC,5.90989308
CCCCCCC/C=C\C(=O)OCCCCCC(NCCN(C(C)C)C(C)C)C(=O)NCCCCCCCCCCCC,8.3582601
CCCCCCC/C=C\C(=O)OCCCCCC(NCCN(C(C)C)C(C)C)C(=O)NCCCCCCCCCCCCCC,8.1713776
CCCCCCC/C=C\C(=O)OCCCCCC(NCCN(C(C)C)C(C)C)C(=O)NCCCCCCCCCCCCCCCC,6.08925374
CCCCCCC/C=C\C(=O)OCCCCCC(NCCN(C(C)C)C(C)C)C(=O)NCCCCCCCCCCCCCCCCCC,5.76248699
CCCCCCC/C=C\C(=O)OCCCCCC(NCCN(C(C)C)C(C)C)C(=O)NCCCCCCCC/C=C\CCCCCCCC,8.2772874
CCCCCCCCCCCCNC(=O)C(CCCCCOC(=O)CCCCCCCCCC)NCCN(C(C)C)C(C)C,7.33073313
CCCCCCCCCCCCCCNC(=O)C(CCCCCOC(=O)CCCCCCCCCC)NCCN(C(C)C)C(C)C,7.88185152
CCCCCCCCCCCCCCCCNC(=O)C(CCCCCOC(=O)CCCCCCCCCC)NCCN(C(C)C)C(C)C,5.43719806
CCCCCCCCCCCCCCCCCCNC(=O)C(CCCCCOC(=O)CCCCCCCCCC)NCCN(C(C)C)C(C)C,5.81135206
CCCCCCCC/C=C\CCCCCCCCNC(=O)C(CCCCCOC(=O)CCCCCCCCCC)NCCN(C(C)C)C(C)C,7.88213353
C#CCCCCCCCCC(=O)OCCCCCC(NCCN(C(C)C)C(C)C)C(=O)NCCCCCCCCCCCC,7.83830627
C#CCCCCCCCCC(=O)OCCCCCC(NCCN(C(C)C)C(C)C)C(=O)NCCCCCCCCCCCCCC,7.8603823
C#CCCCCCCCCC(=O)OCCCCCC(NCCN(C(C)C)C(C)C)C(=O)NCCCCCCCCCCCCCCCC,5.0883294
C#CCCCCCCCCC(=O)OCCCCCC(NCCN(C(C)C)C(C)C)C(=O)NCCCCCCCCCCCCCCCCCC,5.45292807
C#CCCCCCCCCC(=O)OCCCCCC(NCCN(C(C)C)C(C)C)C(=O)NCCCCCCCC/C=C\CCCCCCCC,7.3819034
C=CCCCCCCCCC(=O)OCCCCCC(NCCN(C(C)C)C(C)C)C(=O)NCCCCCCCCCCCC,8.17713295
C=CCCCCCCCCC(=O)OCCCCCC(NCCN(C(C)C)C(C)C)C(=O)NCCCCCCCCCCCCCC,-0.0808688
C=CCCCCCCCCC(=O)OCCCCCC(NCCN(C(C)C)C(C)C)C(=O)NCCCCCCCCCCCCCCCC,6.26147409
C=CCCCCCCCCC(=O)OCCCCCC(NCCN(C(C)C)C(C)C)C(=O)NCCCCCCCCCCCCCCCCCC,6.14246943
C=CCCCCCCCCC(=O)OCCCCCC(NCCN(C(C)C)C(C)C)C(=O)NCCCCCCCC/C=C\CCCCCCCC,6.50183718
CCCCCCCCCCCCCCCC(=O)OCCCCCC(NCCN(C(C)C)C(C)C)C(=O)NCCCCCCCCCCCC,8.54231274
CCCCCCCCCCCCCCCC(=O)OCCCCCC(NCCN(C(C)C)C(C)C)C(=O)NCCCCCCCCCCCCCC,-0.6377494
CCCCCCCCCCCCCCCCNC(=O)C(CCCCCOC(=O)CCCCCCCCCCCCCCC)NCCN(C(C)C)C(C)C,6.78575546
CCCCCCCCCCCCCCCCCCNC(=O)C(CCCCCOC(=O)CCCCCCCCCCCCCCC)NCCN(C(C)C)C(C)C,6.93819407
CCCCCCCC/C=C\CCCCCCCCNC(=O)C(CCCCCOC(=O)CCCCCCCCCCCCCCC)NCCN(C(C)C)C(C)C,6.91438513
CCCCCCCCCCCCCCCCCC(=O)OCCCCCC(NCCN(C(C)C)C(C)C)C(=O)NCCCCCCCCCCCC,7.24042249
CCCCCCCCCCCCCCCCCC(=O)OCCCCCC(NCCN(C(C)C)C(C)C)C(=O)NCCCCCCCCCCCCCC,-0.9411412
CCCCCCCCCCCCCCCCCC(=O)OCCCCCC(NCCN(C(C)C)C(C)C)C(=O)NCCCCCCCCCCCCCCCC,6.19849607
CCCCCCCCCCCCCCCCCCNC(=O)C(CCCCCOC(=O)CCCCCCCCCCCCCCCCC)NCCN(C(C)C)C(C)C,6.55210086
CCCCCCCC/C=C\CCCCCCCCNC(=O)C(CCCCCOC(=O)CCCCCCCCCCCCCCCCC)NCCN(C(C)C)C(C)C,9.77478706
CCCCCCCC/C=C\CCCCCCCC(=O)OCCCCCC(NCCN(C(C)C)C(C)C)C(=O)NCCCCCCCCCCCC,2.40938202
CCCCCCCC/C=C\CCCCCCCC(=O)OCCCCCC(NCCN(C(C)C)C(C)C)C(=O)NCCCCCCCCCCCCCC,-0.5783258
CCCCCCCC/C=C\CCCCCCCC(=O)OCCCCCC(NCCN(C(C)C)C(C)C)C(=O)NCCCCCCCCCCCCCCCC,7.68892142
CCCCCCCC/C=C\CCCCCCCC(=O)OCCCCCC(NCCN(C(C)C)C(C)C)C(=O)NCCCCCCCCCCCCCCCCCC,7.53515243
CCCCCCCC/C=C\CCCCCCCCNC(=O)C(CCCCCOC(=O)CCCCCCC/C=C\CCCCCCCC)NCCN(C(C)C)C(C)C,1.52356196
CCCCC/C=C\C/C=C\CCCCCCCC(=O)OCCCCCC(NCCN(C(C)C)C(C)C)C(=O)NCCCCCCCCCCCC,0.91508224
CCCCC/C=C\C/C=C\CCCCCCCC(=O)OCCCCCC(NCCN(C(C)C)C(C)C)C(=O)NCCCCCCCCCCCCCC,-0.780116
CCCCC/C=C\C/C=C\CCCCCCCC(=O)OCCCCCC(NCCN(C(C)C)C(C)C)C(=O)NCCCCCCCCCCCCCCCC,-0.692916
CCCCC/C=C\C/C=C\CCCCCCCC(=O)OCCCCCC(NCCN(C(C)C)C(C)C)C(=O)NCCCCCCCCCCCCCCCCCC,1.06864652
CCCCC/C=C\C/C=C\CCCCCCCC(=O)OCCCCCC(NCCN(C(C)C)C(C)C)C(=O)NCCCCCCCC/C=C\CCCCCCCC,-2.3456292
CCCCCCCCCCCCNC(=O)C(CCCCCOC(=O)CCCCCCCC)NCCCN(C)CCCN,2.40428156
CCCCCCCCCCCCCCNC(=O)C(CCCCCOC(=O)CCCCCCCC)NCCCN(C)CCCN,2.72104784
CCCCCCCCCCCCCCCCNC(=O)C(CCCCCOC(=O)CCCCCCCC)NCCCN(C)CCCN,2.4296074
CCCCCCCCCCCCCCCCCCNC(=O)C(CCCCCOC(=O)CCCCCCCC)NCCCN(C)CCCN,0.8808283
CCCCCCCC/C=C\CCCCCCCCNC(=O)C(CCCCCOC(=O)CCCCCCCC)NCCCN(C)CCCN,3.02148366
CCCCCCCCCCCCNC(=O)C(CCCCCOC(=O)CCC(C)CCCCC)NCCCN(C)CCCN,4.22576793
CCCCCCCCCCCCCCNC(=O)C(CCCCCOC(=O)CCC(C)CCCCC)NCCCN(C)CCCN,0.84684139
CCCCCCCCCCCCCCCCNC(=O)C(CCCCCOC(=O)CCC(C)CCCCC)NCCCN(C)CCCN,3.74849601
CCCCCCCCCCCCCCCCCCNC(=O)C(CCCCCOC(=O)CCC(C)CCCCC)NCCCN(C)CCCN,1.82377715
CCCCCCCC/C=C\CCCCCCCCNC(=O)C(CCCCCOC(=O)CCC(C)CCCCC)NCCCN(C)CCCN,3.65211232
CCCCCCCCCCCCNC(=O)C(CCCCCOC(=O)CCCCCCCCC)NCCCN(C)CCCN,0.2136308
CCCCCCCCCCCCCCNC(=O)C(CCCCCOC(=O)CCCCCCCCC)NCCCN(C)CCCN,1.02016083
CCCCCCCCCCCCCCCCNC(=O)C(CCCCCOC(=O)CCCCCCCCC)NCCCN(C)CCCN,0.04718669
CCCCCCCCCCCCCCCCCCNC(=O)C(CCCCCOC(=O)CCCCCCCCC)NCCCN(C)CCCN,-0.3623065
CCCCCCCC/C=C\CCCCCCCCNC(=O)C(CCCCCOC(=O)CCCCCCCCC)NCCCN(C)CCCN,0.92648591
CCCCCCC/C=C/C(=O)OCCCCCC(NCCCN(C)CCCN)C(=O)NCCCCCCCCCCCC,0.43761547
CCCCCCC/C=C/C(=O)OCCCCCC(NCCCN(C)CCCN)C(=O)NCCCCCCCCCCCCCC,1.32150569
CCCCCCC/C=C/C(=O)OCCCCCC(NCCCN(C)CCCN)C(=O)NCCCCCCCCCCCCCCCC,0.21552369
CCCCCCC/C=C/C(=O)OCCCCCC(NCCCN(C)CCCN)C(=O)NCCCCCCCCCCCCCCCCCC,0.84155966
CCCCCCC/C=C/C(=O)OCCCCCC(NCCCN(C)CCCN)C(=O)NCCCCCCCC/C=C\CCCCCCCC,0.84930813
CCCCCCC/C=C\C(=O)OCCCCCC(NCCCN(C)CCCN)C(=O)NCCCCCCCCCCCC,0.42595349
CCCCCCC/C=C\C(=O)OCCCCCC(NCCCN(C)CCCN)C(=O)NCCCCCCCCCCCCCC,0.90521252
CCCCCCC/C=C\C(=O)OCCCCCC(NCCCN(C)CCCN)C(=O)NCCCCCCCCCCCCCCCC,1.61659115
CCCCCCC/C=C\C(=O)OCCCCCC(NCCCN(C)CCCN)C(=O)NCCCCCCCCCCCCCCCCCC,-0.6812732
CCCCCCC/C=C\C(=O)OCCCCCC(NCCCN(C)CCCN)C(=O)NCCCCCCCC/C=C\CCCCCCCC,1.53684182
CCCCCCCCCCCCNC(=O)C(CCCCCOC(=O)CCCCCCCCCC)NCCCN(C)CCCN,0.39626865
CCCCCCCCCCCCCCNC(=O)C(CCCCCOC(=O)CCCCCCCCCC)NCCCN(C)CCCN,0.38240666
CCCCCCCCCCCCCCCCNC(=O)C(CCCCCOC(=O)CCCCCCCCCC)NCCCN(C)CCCN,1.28757659
CCCCCCCCCCCCCCCCCCNC(=O)C(CCCCCOC(=O)CCCCCCCCCC)NCCCN(C)CCCN,-0.5840404
CCCCCCCC/C=C\CCCCCCCCNC(=O)C(CCCCCOC(=O)CCCCCCCCCC)NCCCN(C)CCCN,1.16946911
C#CCCCCCCCCC(=O)OCCCCCC(NCCCN(C)CCCN)C(=O)NCCCCCCCCCCCC,0.12173292
C#CCCCCCCCCC(=O)OCCCCCC(NCCCN(C)CCCN)C(=O)NCCCCCCCCCCCCCC,1.87015181
C#CCCCCCCCCC(=O)OCCCCCC(NCCCN(C)CCCN)C(=O)NCCCCCCCCCCCCCCCC,0.2402037
C#CCCCCCCCCC(=O)OCCCCCC(NCCCN(C)CCCN)C(=O)NCCCCCCCCCCCCCCCCCC,0.48393258
C#CCCCCCCCCC(=O)OCCCCCC(NCCCN(C)CCCN)C(=O)NCCCCCCCC/C=C\CCCCCCCC,0.0784801
C=CCCCCCCCCC(=O)OCCCCCC(NCCCN(C)CCCN)C(=O)NCCCCCCCCCCCC,0.57673871
C=CCCCCCCCCC(=O)OCCCCCC(NCCCN(C)CCCN)C(=O)NCCCCCCCCCCCCCC,-0.2952762
C=CCCCCCCCCC(=O)OCCCCCC(NCCCN(C)CCCN)C(=O)NCCCCCCCCCCCCCCCC,0.57797607
C=CCCCCCCCCC(=O)OCCCCCC(NCCCN(C)CCCN)C(=O)NCCCCCCCCCCCCCCCCCC,-0.2403374
C=CCCCCCCCCC(=O)OCCCCCC(NCCCN(C)CCCN)C(=O)NCCCCCCCC/C=C\CCCCCCCC,-0.0100309
CCCCCCCCCCCCCCCC(=O)OCCCCCC(NCCCN(C)CCCN)C(=O)NCCCCCCCCCCCC,0.92803187
CCCCCCCCCCCCCCCC(=O)OCCCCCC(NCCCN(C)CCCN)C(=O)NCCCCCCCCCCCCCC,-0.6787883
CCCCCCCCCCCCCCCCNC(=O)C(CCCCCOC(=O)CCCCCCCCCCCCCCC)NCCCN(C)CCCN,0.75857255
CCCCCCCCCCCCCCCCCCNC(=O)C(CCCCCOC(=O)CCCCCCCCCCCCCCC)NCCCN(C)CCCN,1.50856482
CCCCCCCC/C=C\CCCCCCCCNC(=O)C(CCCCCOC(=O)CCCCCCCCCCCCCCC)NCCCN(C)CCCN,0.11625605
CCCCCCCCCCCCCCCCCC(=O)OCCCCCC(NCCCN(C)CCCN)C(=O)NCCCCCCCCCCCC,0.95527891
CCCCCCCCCCCCCCCCCC(=O)OCCCCCC(NCCCN(C)CCCN)C(=O)NCCCCCCCCCCCCCC,0.40434437
CCCCCCCCCCCCCCCCCC(=O)OCCCCCC(NCCCN(C)CCCN)C(=O)NCCCCCCCCCCCCCCCC,0.98376632
CCCCCCCCCCCCCCCCCCNC(=O)C(CCCCCOC(=O)CCCCCCCCCCCCCCCCC)NCCCN(C)CCCN,-0.407269
CCCCCCCC/C=C\CCCCCCCCNC(=O)C(CCCCCOC(=O)CCCCCCCCCCCCCCCCC)NCCCN(C)CCCN,-0.1551587
CCCCCCCC/C=C\CCCCCCCC(=O)OCCCCCC(NCCCN(C)CCCN)C(=O)NCCCCCCCCCCCC,3.24519548
CCCCCCCC/C=C\CCCCCCCC(=O)OCCCCCC(NCCCN(C)CCCN)C(=O)NCCCCCCCCCCCCCC,2.50835656
CCCCCCCC/C=C\CCCCCCCC(=O)OCCCCCC(NCCCN(C)CCCN)C(=O)NCCCCCCCCCCCCCCCC,0.27619582
CCCCCCCC/C=C\CCCCCCCC(=O)OCCCCCC(NCCCN(C)CCCN)C(=O)NCCCCCCCCCCCCCCCCCC,0.06962775
CCCCCCCC/C=C\CCCCCCCCNC(=O)C(CCCCCOC(=O)CCCCCCC/C=C\CCCCCCCC)NCCCN(C)CCCN,0.47536158
CCCCC/C=C\C/C=C\CCCCCCCC(=O)OCCCCCC(NCCCN(C)CCCN)C(=O)NCCCCCCCCCCCC,2.65051585
CCCCC/C=C\C/C=C\CCCCCCCC(=O)OCCCCCC(NCCCN(C)CCCN)C(=O)NCCCCCCCCCCCCCC,0.85677882
CCCCC/C=C\C/C=C\CCCCCCCC(=O)OCCCCCC(NCCCN(C)CCCN)C(=O)NCCCCCCCCCCCCCCCC,5.42729409
CCCCC/C=C\C/C=C\CCCCCCCC(=O)OCCCCCC(NCCCN(C)CCCN)C(=O)NCCCCCCCCCCCCCCCCCC,-0.8979247
CCCCC/C=C\C/C=C\CCCCCCCC(=O)OCCCCCC(NCCCN(C)CCCN)C(=O)NCCCCCCCC/C=C\CCCCCCCC,4.95121785
CCCCCCCCCCCCNC(=O)C(CCCCCOC(=O)CCCCCCCC)NCC1CCCN1CC,0.92206837
CCCCCCCCCCCCCCNC(=O)C(CCCCCOC(=O)CCCCCCCC)NCC1CCCN1CC,1.17529723
CCCCCCCCCCCCCCCCNC(=O)C(CCCCCOC(=O)CCCCCCCC)NCC1CCCN1CC,2.03042489
CCCCCCCCCCCCCCCCCCNC(=O)C(CCCCCOC(=O)CCCCCCCC)NCC1CCCN1CC,1.98857815
CCCCCCCC/C=C\CCCCCCCCNC(=O)C(CCCCCOC(=O)CCCCCCCC)NCC1CCCN1CC,1.84608345
CCCCCCCCCCCCNC(=O)C(CCCCCOC(=O)CCC(C)CCCCC)NCC1CCCN1CC,4.12069432
CCCCCCCCCCCCCCNC(=O)C(CCCCCOC(=O)CCC(C)CCCCC)NCC1CCCN1CC,2.38648915
CCCCCCCCCCCCCCCCNC(=O)C(CCCCCOC(=O)CCC(C)CCCCC)NCC1CCCN1CC,0.47444766
CCCCCCCCCCCCCCCCCCNC(=O)C(CCCCCOC(=O)CCC(C)CCCCC)NCC1CCCN1CC,3.54178818
CCCCCCCC/C=C\CCCCCCCCNC(=O)C(CCCCCOC(=O)CCC(C)CCCCC)NCC1CCCN1CC,1.54597338
CCCCCCCCCCCCNC(=O)C(CCCCCOC(=O)CCCCCCCCC)NCC1CCCN1CC,1.09993297
CCCCCCCCCCCCCCNC(=O)C(CCCCCOC(=O)CCCCCCCCC)NCC1CCCN1CC,0.37298727
CCCCCCCCCCCCCCCCNC(=O)C(CCCCCOC(=O)CCCCCCCCC)NCC1CCCN1CC,0.81873063
CCCCCCCCCCCCCCCCCCNC(=O)C(CCCCCOC(=O)CCCCCCCCC)NCC1CCCN1CC,4.99575631
CCCCCCCC/C=C\CCCCCCCCNC(=O)C(CCCCCOC(=O)CCCCCCCCC)NCC1CCCN1CC,1.61334263
CCCCCCC/C=C/C(=O)OCCCCCC(NCC1CCCN1CC)C(=O)NCCCCCCCCCCCC,0.59551731
CCCCCCC/C=C/C(=O)OCCCCCC(NCC1CCCN1CC)C(=O)NCCCCCCCCCCCCCC,1.38859743
CCCCCCC/C=C/C(=O)OCCCCCC(NCC1CCCN1CC)C(=O)NCCCCCCCCCCCCCCCC,1.85556154
CCCCCCC/C=C/C(=O)OCCCCCC(NCC1CCCN1CC)C(=O)NCCCCCCCCCCCCCCCCCC,1.55733393
CCCCCCC/C=C/C(=O)OCCCCCC(NCC1CCCN1CC)C(=O)NCCCCCCCC/C=C\CCCCCCCC,1.80519446
CCCCCCC/C=C\C(=O)OCCCCCC(NCC1CCCN1CC)C(=O)NCCCCCCCCCCCC,0.70745091
CCCCCCC/C=C\C(=O)OCCCCCC(NCC1CCCN1CC)C(=O)NCCCCCCCCCCCCCC,-0.5153688
CCCCCCC/C=C\C(=O)OCCCCCC(NCC1CCCN1CC)C(=O)NCCCCCCCCCCCCCCCC,1.73317863
CCCCCCC/C=C\C(=O)OCCCCCC(NCC1CCCN1CC)C(=O)NCCCCCCCCCCCCCCCCCC,1.33770744
CCCCCCC/C=C\C(=O)OCCCCCC(NCC1CCCN1CC)C(=O)NCCCCCCCC/C=C\CCCCCCCC,1.67117135
CCCCCCCCCCCCNC(=O)C(CCCCCOC(=O)CCCCCCCCCC)NCC1CCCN1CC,1.00677993
CCCCCCCCCCCCCCNC(=O)C(CCCCCOC(=O)CCCCCCCCCC)NCC1CCCN1CC,0.67501374
CCCCCCCCCCCCCCCCNC(=O)C(CCCCCOC(=O)CCCCCCCCCC)NCC1CCCN1CC,1.71193611
CCCCCCCCCCCCCCCCCCNC(=O)C(CCCCCOC(=O)CCCCCCCCCC)NCC1CCCN1CC,1.54769007
CCCCCCCC/C=C\CCCCCCCCNC(=O)C(CCCCCOC(=O)CCCCCCCCCC)NCC1CCCN1CC,1.60790763
C#CCCCCCCCCC(=O)OCCCCCC(NCC1CCCN1CC)C(=O)NCCCCCCCCCCCC,1.54709922
C#CCCCCCCCCC(=O)OCCCCCC(NCC1CCCN1CC)C(=O)NCCCCCCCCCCCCCC,1.28388645
C#CCCCCCCCCC(=O)OCCCCCC(NCC1CCCN1CC)C(=O)NCCCCCCCCCCCCCCCC,0.9532835
C#CCCCCCCCCC(=O)OCCCCCC(NCC1CCCN1CC)C(=O)NCCCCCCCCCCCCCCCCCC,0.5839372
C#CCCCCCCCCC(=O)OCCCCCC(NCC1CCCN1CC)C(=O)NCCCCCCCC/C=C\CCCCCCCC,0.60802757
C=CCCCCCCCCC(=O)OCCCCCC(NCC1CCCN1CC)C(=O)NCCCCCCCCCCCC,-0.0173829
C=CCCCCCCCCC(=O)OCCCCCC(NCC1CCCN1CC)C(=O)NCCCCCCCCCCCCCC,0.87611083
C=CCCCCCCCCC(=O)OCCCCCC(NCC1CCCN1CC)C(=O)NCCCCCCCCCCCCCCCC,1.9027028
C=CCCCCCCCCC(=O)OCCCCCC(NCC1CCCN1CC)C(=O)NCCCCCCCCCCCCCCCCCC,3.18322182
C=CCCCCCCCCC(=O)OCCCCCC(NCC1CCCN1CC)C(=O)NCCCCCCCC/C=C\CCCCCCCC,2.60150383
CCCCCCCCCCCCCCCC(=O)OCCCCCC(NCC1CCCN1CC)C(=O)NCCCCCCCCCCCC,-0.1664821
CCCCCCCCCCCCCCCC(=O)OCCCCCC(NCC1CCCN1CC)C(=O)NCCCCCCCCCCCCCC,0.70181254
CCCCCCCCCCCCCCCCNC(=O)C(CCCCCOC(=O)CCCCCCCCCCCCCCC)NCC1CCCN1CC,1.74606896
CCCCCCCCCCCCCCCCCCNC(=O)C(CCCCCOC(=O)CCCCCCCCCCCCCCC)NCC1CCCN1CC,1.18717696
CCCCCCCC/C=C\CCCCCCCCNC(=O)C(CCCCCOC(=O)CCCCCCCCCCCCCCC)NCC1CCCN1CC,1.70700936
CCCCCCCCCCCCCCCCCC(=O)OCCCCCC(NCC1CCCN1CC)C(=O)NCCCCCCCCCCCC,1.14878864
CCCCCCCCCCCCCCCCCC(=O)OCCCCCC(NCC1CCCN1CC)C(=O)NCCCCCCCCCCCCCC,1.90613368
CCCCCCCCCCCCCCCCCC(=O)OCCCCCC(NCC1CCCN1CC)C(=O)NCCCCCCCCCCCCCCCC,1.64006306
CCCCCCCCCCCCCCCCCCNC(=O)C(CCCCCOC(=O)CCCCCCCCCCCCCCCCC)NCC1CCCN1CC,3.00326328
CCCCCCCC/C=C\CCCCCCCCNC(=O)C(CCCCCOC(=O)CCCCCCCCCCCCCCCCC)NCC1CCCN1CC,1.71136517
CCCCCCCC/C=C\CCCCCCCC(=O)OCCCCCC(NCC1CCCN1CC)C(=O)NCCCCCCCCCCCC,0.26399263
CCCCCCCC/C=C\CCCCCCCC(=O)OCCCCCC(NCC1CCCN1CC)C(=O)NCCCCCCCCCCCCCC,-0.2651492
CCCCCCCC/C=C\CCCCCCCC(=O)OCCCCCC(NCC1CCCN1CC)C(=O)NCCCCCCCCCCCCCCCC,1.55607969
CCCCCCCC/C=C\CCCCCCCC(=O)OCCCCCC(NCC1CCCN1CC)C(=O)NCCCCCCCCCCCCCCCCCC,-0.2619279
CCCCCCCC/C=C\CCCCCCCCNC(=O)C(CCCCCOC(=O)CCCCCCC/C=C\CCCCCCCC)NCC1CCCN1CC,2.35890559
CCCCC/C=C\C/C=C\CCCCCCCC(=O)OCCCCCC(NCC1CCCN1CC)C(=O)NCCCCCCCCCCCC,-1.5804882
CCCCC/C=C\C/C=C\CCCCCCCC(=O)OCCCCCC(NCC1CCCN1CC)C(=O)NCCCCCCCCCCCCCC,0.68581333
CCCCC/C=C\C/C=C\CCCCCCCC(=O)OCCCCCC(NCC1CCCN1CC)C(=O)NCCCCCCCCCCCCCCCC,0.85471165
CCCCC/C=C\C/C=C\CCCCCCCC(=O)OCCCCCC(NCC1CCCN1CC)C(=O)NCCCCCCCCCCCCCCCCCC,0.52086767
CCCCC/C=C\C/C=C\CCCCCCCC(=O)OCCCCCC(NCC1CCCN1CC)C(=O)NCCCCCCCC/C=C\CCCCCCCC,0.91044833
CCCCCCCCCCCCNC(=O)C(CCCCCOC(=O)CCCCCCCC)NCCN1CCNCC1,3.10324305
CCCCCCCCCCCCCCNC(=O)C(CCCCCOC(=O)CCCCCCCC)NCCN1CCNCC1,1.64032388
CCCCCCCCCCCCCCCCNC(=O)C(CCCCCOC(=O)CCCCCCCC)NCCN1CCNCC1,3.02624158
CCCCCCCCCCCCCCCCCCNC(=O)C(CCCCCOC(=O)CCCCCCCC)NCCN1CCNCC1,2.92408854
CCCCCCCC/C=C\CCCCCCCCNC(=O)C(CCCCCOC(=O)CCCCCCCC)NCCN1CCNCC1,3.21848516
CCCCCCCCCCCCNC(=O)C(CCCCCOC(=O)CCC(C)CCCCC)NCCN1CCNCC1,4.49026759
CCCCCCCCCCCCCCNC(=O)C(CCCCCOC(=O)CCC(C)CCCCC)NCCN1CCNCC1,5.40094736
CCCCCCCCCCCCCCCCNC(=O)C(CCCCCOC(=O)CCC(C)CCCCC)NCCN1CCNCC1,4.80872695
CCCCCCCCCCCCCCCCCCNC(=O)C(CCCCCOC(=O)CCC(C)CCCCC)NCCN1CCNCC1,4.54587465
CCCCCCCC/C=C\CCCCCCCCNC(=O)C(CCCCCOC(=O)CCC(C)CCCCC)NCCN1CCNCC1,5.05661097
CCCCCCCCCCCCNC(=O)C(CCCCCOC(=O)CCCCCCCCC)NCCN1CCNCC1,1.71602351
CCCCCCCCCCCCCCNC(=O)C(CCCCCOC(=O)CCCCCCCCC)NCCN1CCNCC1,2.18816126
CCCCCCCCCCCCCCCCNC(=O)C(CCCCCOC(=O)CCCCCCCCC)NCCN1CCNCC1,2.19162619
CCCCCCCCCCCCCCCCCCNC(=O)C(CCCCCOC(=O)CCCCCCCCC)NCCN1CCNCC1,1.15867533
CCCCCCCC/C=C\CCCCCCCCNC(=O)C(CCCCCOC(=O)CCCCCCCCC)NCCN1CCNCC1,2.56046316
CCCCCCC/C=C/C(=O)OCCCCCC(NCCN1CCNCC1)C(=O)NCCCCCCCCCCCC,1.39358595
CCCCCCC/C=C/C(=O)OCCCCCC(NCCN1CCNCC1)C(=O)NCCCCCCCCCCCCCC,1.23874972
CCCCCCC/C=C/C(=O)OCCCCCC(NCCN1CCNCC1)C(=O)NCCCCCCCCCCCCCCCC,0.44018414
CCCCCCC/C=C/C(=O)OCCCCCC(NCCN1CCNCC1)C(=O)NCCCCCCCCCCCCCCCCCC,0.15550411
CCCCCCC/C=C/C(=O)OCCCCCC(NCCN1CCNCC1)C(=O)NCCCCCCCC/C=C\CCCCCCCC,0.69924558
CCCCCCC/C=C\C(=O)OCCCCCC(NCCN1CCNCC1)C(=O)NCCCCCCCCCCCC,0.45396764
CCCCCCC/C=C\C(=O)OCCCCCC(NCCN1CCNCC1)C(=O)NCCCCCCCCCCCCCC,1.72261928
CCCCCCC/C=C\C(=O)OCCCCCC(NCCN1CCNCC1)C(=O)NCCCCCCCCCCCCCCCC,0.18636654
CCCCCCC/C=C\C(=O)OCCCCCC(NCCN1CCNCC1)C(=O)NCCCCCCCCCCCCCCCCCC,0.84361722
CCCCCCC/C=C\C(=O)OCCCCCC(NCCN1CCNCC1)C(=O)NCCCCCCCC/C=C\CCCCCCCC,0.94980155
CCCCCCCCCCCCNC(=O)C(CCCCCOC(=O)CCCCCCCCCC)NCCN1CCNCC1,0.47257576
CCCCCCCCCCCCCCNC(=O)C(CCCCCOC(=O)CCCCCCCCCC)NCCN1CCNCC1,1.70455384
CCCCCCCCCCCCCCCCNC(=O)C(CCCCCOC(=O)CCCCCCCCCC)NCCN1CCNCC1,1.12565899
CCCCCCCCCCCCCCCCCCNC(=O)C(CCCCCOC(=O)CCCCCCCCCC)NCCN1CCNCC1,0.58987381
CCCCCCCC/C=C\CCCCCCCCNC(=O)C(CCCCCOC(=O)CCCCCCCCCC)NCCN1CCNCC1,2.23176823
C#CCCCCCCCCC(=O)OCCCCCC(NCCN1CCNCC1)C(=O)NCCCCCCCCCCCC,1.3872205
C#CCCCCCCCCC(=O)OCCCCCC(NCCN1CCNCC1)C(=O)NCCCCCCCCCCCCCC,2.03567172
C#CCCCCCCCCC(=O)OCCCCCC(NCCN1CCNCC1)C(=O)NCCCCCCCCCCCCCCCC,1.19014464
C#CCCCCCCCCC(=O)OCCCCCC(NCCN1CCNCC1)C(=O)NCCCCCCCCCCCCCCCCCC,0.31576536
C#CCCCCCCCCC(=O)OCCCCCC(NCCN1CCNCC1)C(=O)NCCCCCCCC/C=C\CCCCCCCC,1.24878894
C=CCCCCCCCCC(=O)OCCCCCC(NCCN1CCNCC1)C(=O)NCCCCCCCCCCCC,1.11424881
C=CCCCCCCCCC(=O)OCCCCCC(NCCN1CCNCC1)C(=O)NCCCCCCCCCCCCCC,1.40142496
C=CCCCCCCCCC(=O)OCCCCCC(NCCN1CCNCC1)C(=O)NCCCCCCCCCCCCCCCC,0.7750173
C=CCCCCCCCCC(=O)OCCCCCC(NCCN1CCNCC1)C(=O)NCCCCCCCCCCCCCCCCCC,1.76519105
C=CCCCCCCCCC(=O)OCCCCCC(NCCN1CCNCC1)C(=O)NCCCCCCCC/C=C\CCCCCCCC,0.74946835
CCCCCCCCCCCCCCCC(=O)OCCCCCC(NCCN1CCNCC1)C(=O)NCCCCCCCCCCCC,-2.3012412
CCCCCCCCCCCCCCCC(=O)OCCCCCC(NCCN1CCNCC1)C(=O)NCCCCCCCCCCCCCC,1.14397371
CCCCCCCCCCCCCCCCNC(=O)C(CCCCCOC(=O)CCCCCCCCCCCCCCC)NCCN1CCNCC1,-0.3559962
CCCCCCCCCCCCCCCCCCNC(=O)C(CCCCCOC(=O)CCCCCCCCCCCCCCC)NCCN1CCNCC1,3.25258075
CCCCCCCC/C=C\CCCCCCCCNC(=O)C(CCCCCOC(=O)CCCCCCCCCCCCCCC)NCCN1CCNCC1,1.01628768
CCCCCCCCCCCCCCCCCC(=O)OCCCCCC(NCCN1CCNCC1)C(=O)NCCCCCCCCCCCC,1.34899217
CCCCCCCCCCCCCCCCCC(=O)OCCCCCC(NCCN1CCNCC1)C(=O)NCCCCCCCCCCCCCC,1.26828579
CCCCCCCCCCCCCCCCCC(=O)OCCCCCC(NCCN1CCNCC1)C(=O)NCCCCCCCCCCCCCCCC,1.64035898
CCCCCCCCCCCCCCCCCCNC(=O)C(CCCCCOC(=O)CCCCCCCCCCCCCCCCC)NCCN1CCNCC1,0.50315133
CCCCCCCC/C=C\CCCCCCCCNC(=O)C(CCCCCOC(=O)CCCCCCCCCCCCCCCCC)NCCN1CCNCC1,1.19434695
CCCCCCCC/C=C\CCCCCCCC(=O)OCCCCCC(NCCN1CCNCC1)C(=O)NCCCCCCCCCCCC,-0.1391478
CCCCCCCC/C=C\CCCCCCCC(=O)OCCCCCC(NCCN1CCNCC1)C(=O)NCCCCCCCCCCCCCC,0.74904685
CCCCCCCC/C=C\CCCCCCCC(=O)OCCCCCC(NCCN1CCNCC1)C(=O)NCCCCCCCCCCCCCCCC,0.03583388
CCCCCCCC/C=C\CCCCCCCC(=O)OCCCCCC(NCCN1CCNCC1)C(=O)NCCCCCCCCCCCCCCCCCC,-0.5652651
CCCCCCCC/C=C\CCCCCCCCNC(=O)C(CCCCCOC(=O)CCCCCCC/C=C\CCCCCCCC)NCCN1CCNCC1,0.14970708
CCCCC/C=C\C/C=C\CCCCCCCC(=O)OCCCCCC(NCCN1CCNCC1)C(=O)NCCCCCCCCCCCC,1.91297323
CCCCC/C=C\C/C=C\CCCCCCCC(=O)OCCCCCC(NCCN1CCNCC1)C(=O)NCCCCCCCCCCCCCC,0.26356899
CCCCC/C=C\C/C=C\CCCCCCCC(=O)OCCCCCC(NCCN1CCNCC1)C(=O)NCCCCCCCCCCCCCCCC,2.80198601
CCCCC/C=C\C/C=C\CCCCCCCC(=O)OCCCCCC(NCCN1CCNCC1)C(=O)NCCCCCCCCCCCCCCCCCC,0.73863955
CCCCC/C=C\C/C=C\CCCCCCCC(=O)OCCCCCC(NCCN1CCNCC1)C(=O)NCCCCCCCC/C=C\CCCCCCCC,2.20302662
CCCCCCCCCCCCNC(=O)C(CCCCCOC(=O)CCCCCCCC)NC1CCNCC1,3.07063352
CCCCCCCCCCCCCCNC(=O)C(CCCCCOC(=O)CCCCCCCC)NC1CCNCC1,1.3836183
CCCCCCCCCCCCCCCCNC(=O)C(CCCCCOC(=O)CCCCCCCC)NC1CCNCC1,1.43416605
CCCCCCCCCCCCCCCCCCNC(=O)C(CCCCCOC(=O)CCCCCCCC)NC1CCNCC1,2.01133213
CCCCCCCC/C=C\CCCCCCCCNC(=O)C(CCCCCOC(=O)CCCCCCCC)NC1CCNCC1,0.5314897
CCCCCCCCCCCCNC(=O)C(CCCCCOC(=O)CCC(C)CCCCC)NC1CCNCC1,2.36565362
CCCCCCCCCCCCCCNC(=O)C(CCCCCOC(=O)CCC(C)CCCCC)NC1CCNCC1,0.08120875
CCCCCCCCCCCCCCCCNC(=O)C(CCCCCOC(=O)CCC(C)CCCCC)NC1CCNCC1,2.30808682
CCCCCCCCCCCCCCCCCCNC(=O)C(CCCCCOC(=O)CCC(C)CCCCC)NC1CCNCC1,0.79995647
CCCCCCCC/C=C\CCCCCCCCNC(=O)C(CCCCCOC(=O)CCC(C)CCCCC)NC1CCNCC1,1.66697347
CCCCCCCCCCCCNC(=O)C(CCCCCOC(=O)CCCCCCCCC)NC1CCNCC1,0.77771382
CCCCCCCCCCCCCCNC(=O)C(CCCCCOC(=O)CCCCCCCCC)NC1CCNCC1,0.34067093
CCCCCCCCCCCCCCCCNC(=O)C(CCCCCOC(=O)CCCCCCCCC)NC1CCNCC1,1.57581164
CCCCCCCCCCCCCCCCCCNC(=O)C(CCCCCOC(=O)CCCCCCCCC)NC1CCNCC1,2.87266504
CCCCCCCC/C=C\CCCCCCCCNC(=O)C(CCCCCOC(=O)CCCCCCCCC)NC1CCNCC1,1.90708777
CCCCCCC/C=C/C(=O)OCCCCCC(NC1CCNCC1)C(=O)NCCCCCCCCCCCC,0.9513493
CCCCCCC/C=C/C(=O)OCCCCCC(NC1CCNCC1)C(=O)NCCCCCCCCCCCCCC,0.24022891
CCCCCCC/C=C/C(=O)OCCCCCC(NC1CCNCC1)C(=O)NCCCCCCCCCCCCCCCC,3.34758833
CCCCCCC/C=C/C(=O)OCCCCCC(NC1CCNCC1)C(=O)NCCCCCCCCCCCCCCCCCC,-0.0163892
CCCCCCC/C=C/C(=O)OCCCCCC(NC1CCNCC1)C(=O)NCCCCCCCC/C=C\CCCCCCCC,3.25028203
CCCCCCC/C=C\C(=O)OCCCCCC(NC1CCNCC1)C(=O)NCCCCCCCCCCCC,1.40351154
CCCCCCC/C=C\C(=O)OCCCCCC(NC1CCNCC1)C(=O)NCCCCCCCCCCCCCC,1.37883502
CCCCCCC/C=C\C(=O)OCCCCCC(NC1CCNCC1)C(=O)NCCCCCCCCCCCCCCCC,0.71559194
CCCCCCC/C=C\C(=O)OCCCCCC(NC1CCNCC1)C(=O)NCCCCCCCCCCCCCCCCCC,0.61879542
CCCCCCC/C=C\C(=O)OCCCCCC(NC1CCNCC1)C(=O)NCCCCCCCC/C=C\CCCCCCCC,1.9991038
CCCCCCCCCCCCNC(=O)C(CCCCCOC(=O)CCCCCCCCCC)NC1CCNCC1,1.59613642
CCCCCCCCCCCCCCNC(=O)C(CCCCCOC(=O)CCCCCCCCCC)NC1CCNCC1,-0.2005423
CCCCCCCCCCCCCCCCNC(=O)C(CCCCCOC(=O)CCCCCCCCCC)NC1CCNCC1,-0.3229278
CCCCCCCCCCCCCCCCCCNC(=O)C(CCCCCOC(=O)CCCCCCCCCC)NC1CCNCC1,1.06962775
CCCCCCCC/C=C\CCCCCCCCNC(=O)C(CCCCCOC(=O)CCCCCCCCCC)NC1CCNCC1,1.25037666
C#CCCCCCCCCC(=O)OCCCCCC(NC1CCNCC1)C(=O)NCCCCCCCCCCCC,0.85730675
C#CCCCCCCCCC(=O)OCCCCCC(NC1CCNCC1)C(=O)NCCCCCCCCCCCCCC,-1.598297
C#CCCCCCCCCC(=O)OCCCCCC(NC1CCNCC1)C(=O)NCCCCCCCCCCCCCCCC,0.5896695
C#CCCCCCCCCC(=O)OCCCCCC(NC1CCNCC1)C(=O)NCCCCCCCCCCCCCCCCCC,-0.3983258
C#CCCCCCCCCC(=O)OCCCCCC(NC1CCNCC1)C(=O)NCCCCCCCC/C=C\CCCCCCCC,1.72533684
C=CCCCCCCCCC(=O)OCCCCCC(NC1CCNCC1)C(=O)NCCCCCCCCCCCC,0.90981581
C=CCCCCCCCCC(=O)OCCCCCC(NC1CCNCC1)C(=O)NCCCCCCCCCCCCCC,0.00498556
C=CCCCCCCCCC(=O)OCCCCCC(NC1CCNCC1)C(=O)NCCCCCCCCCCCCCCCC,1.85522164
C=CCCCCCCCCC(=O)OCCCCCC(NC1CCNCC1)C(=O)NCCCCCCCCCCCCCCCCCC,0.61418264
C=CCCCCCCCCC(=O)OCCCCCC(NC1CCNCC1)C(=O)NCCCCCCCC/C=C\CCCCCCCC,2.10160062
CCCCCCCCCCCCCCCC(=O)OCCCCCC(NC1CCNCC1)C(=O)NCCCCCCCCCCCC,0.61059139
CCCCCCCCCCCCCCCC(=O)OCCCCCC(NC1CCNCC1)C(=O)NCCCCCCCCCCCCCC,-1.3936266
CCCCCCCCCCCCCCCCNC(=O)C(CCCCCOC(=O)CCCCCCCCCCCCCCC)NC1CCNCC1,1.2206783
CCCCCCCCCCCCCCCCCCNC(=O)C(CCCCCOC(=O)CCCCCCCCCCCCCCC)NC1CCNCC1,1.80101572
CCCCCCCC/C=C\CCCCCCCCNC(=O)C(CCCCCOC(=O)CCCCCCCCCCCCCCC)NC1CCNCC1,1.77690214
CCCCCCCCCCCCCCCCCC(=O)OCCCCCC(NC1CCNCC1)C(=O)NCCCCCCCCCCCC,0.25428772
CCCCCCCCCCCCCCCCCC(=O)OCCCCCC(NC1CCNCC1)C(=O)NCCCCCCCCCCCCCC,0.96741531
CCCCCCCCCCCCCCCCCC(=O)OCCCCCC(NC1CCNCC1)C(=O)NCCCCCCCCCCCCCCCC,1.07911872
CCCCCCCCCCCCCCCCCCNC(=O)C(CCCCCOC(=O)CCCCCCCCCCCCCCCCC)NC1CCNCC1,-1.4621246
CCCCCCCC/C=C\CCCCCCCCNC(=O)C(CCCCCOC(=O)CCCCCCCCCCCCCCCCC)NC1CCNCC1,2.00554505
CCCCCCCC/C=C\CCCCCCCC(=O)OCCCCCC(NC1CCNCC1)C(=O)NCCCCCCCCCCCC,0.94494879
CCCCCCCC/C=C\CCCCCCCC(=O)OCCCCCC(NC1CCNCC1)C(=O)NCCCCCCCCCCCCCC,1.51868691
CCCCCCCC/C=C\CCCCCCCC(=O)OCCCCCC(NC1CCNCC1)C(=O)NCCCCCCCCCCCCCCCC,0.73715007
CCCCCCCC/C=C\CCCCCCCC(=O)OCCCCCC(NC1CCNCC1)C(=O)NCCCCCCCCCCCCCCCCCC,7.07653087
CCCCCCCC/C=C\CCCCCCCCNC(=O)C(CCCCCOC(=O)CCCCCCC/C=C\CCCCCCCC)NC1CCNCC1,0.57277798
CCCCC/C=C\C/C=C\CCCCCCCC(=O)OCCCCCC(NC1CCNCC1)C(=O)NCCCCCCCCCCCC,1.37749139
CCCCC/C=C\C/C=C\CCCCCCCC(=O)OCCCCCC(NC1CCNCC1)C(=O)NCCCCCCCCCCCCCC,1.31814428
CCCCC/C=C\C/C=C\CCCCCCCC(=O)OCCCCCC(NC1CCNCC1)C(=O)NCCCCCCCCCCCCCCCC,2.94998464
CCCCC/C=C\C/C=C\CCCCCCCC(=O)OCCCCCC(NC1CCNCC1)C(=O)NCCCCCCCCCCCCCCCCCC,3.22167252
CCCCC/C=C\C/C=C\CCCCCCCC(=O)OCCCCCC(NC1CCNCC1)C(=O)NCCCCCCCC/C=C\CCCCCCCC,2.46576276
